Mas Vnr Type_BrkFace,Mas Vnr Type_None,Mas Vnr Type_Stone,Garage Finish,Garage Type_Attchd,Garage Type_Detchd,Kitchen Qual,Heating QC,BsmtFin Type 1,Bsmt Exposure,Bsmt Cond,Bsmt Qual,Foundation_CBlock,Foundation_PConc,Exter Qual,Roof Style_Gable,Roof Style_Hip,Neighborhood_NAmes,Neighborhood_NoRidge,Neighborhood_Somerst,MS Zoning,MS SubClass_50,MS SubClass_60,Lot Frontage,Lot Area,Overall Qual,Year Built,BsmtFin SF 1,Total Bsmt SF,Gr Liv Area,TotRms AbvGrd,Garage Yr Blt,Garage Cars,Garage Area,Id,Total Flr SF
0,1,0,1,0,1,2,4,1,1,3,2,0,0,3,1,0,0,0,0,6,0,0,69.0,9142,6,1910,0,1020,1928,9,1910.0,1,440,2658,1928
0,1,0,3,1,0,3,3,1,1,3,4,1,0,3,1,0,0,0,0,8,0,0,0.0,9662,5,1977,0,1967,1967,10,1977.0,2,580,2718,1967
0,1,0,2,1,0,4,5,6,3,4,4,0,1,4,1,0,0,0,0,8,0,1,58.0,17104,7,2006,554,654,1496,7,2006.0,2,426,2414,1496
0,1,0,1,0,1,3,3,1,1,3,3,1,0,4,1,0,0,0,0,6,0,0,60.0,8520,5,1923,0,968,968,5,1935.0,2,480,1989,968
1,0,0,2,1,0,3,4,4,1,3,4,1,0,3,1,0,1,0,0,8,0,0,0.0,9500,6,1963,609,1394,1394,6,1963.0,2,514,625,1394
0,1,0,1,1,0,3,3,3,1,3,3,1,0,3,1,0,0,0,0,6,0,0,21.0,1890,4,1972,294,546,1092,5,1972.0,1,286,333,1092
0,1,0,1,0,1,3,3,1,1,3,3,1,0,3,1,0,0,0,0,6,0,0,52.0,8516,4,1958,0,869,1093,5,1959.0,1,308,1327,1093
0,1,0,1,0,1,4,3,5,3,4,4,1,0,3,1,0,0,0,0,8,0,0,0.0,9286,5,1977,196,1268,1268,5,1978.0,1,252,858,1268
0,1,0,2,1,0,4,5,1,1,3,4,0,1,4,1,0,0,0,1,7,0,0,39.0,3515,7,2004,0,840,1680,3,2004.0,2,588,95,1680
0,1,0,1,0,1,3,3,5,1,3,3,1,0,3,1,0,0,0,0,8,0,0,75.0,10125,6,1977,641,1196,1279,6,1980.0,2,473,1568,1279
0,1,0,2,1,0,4,4,6,1,3,4,0,1,4,1,0,0,0,0,8,0,0,50.0,7175,6,1991,278,1217,1217,5,1991.0,2,484,2482,1217
0,1,0,1,0,1,3,4,1,1,3,3,1,0,3,1,0,0,0,0,6,0,0,60.0,7200,6,1925,0,1040,1040,5,1993.0,2,320,1364,1040
0,1,0,1,1,0,3,5,1,1,3,3,1,0,3,0,1,1,0,0,8,0,0,75.0,11310,6,1954,0,1367,1375,5,1954.0,2,451,2584,1375
1,0,0,3,0,0,3,5,6,1,3,5,0,1,3,0,1,0,0,0,8,0,0,0.0,7976,7,2000,820,1168,2787,8,2000.0,4,820,818,2787
0,1,0,1,0,1,3,3,1,1,3,3,0,0,3,0,0,0,0,0,8,0,0,69.0,11737,6,1924,0,848,1827,9,1943.0,1,240,2673,1827
1,0,0,2,1,0,3,5,0,0,0,0,0,1,3,0,1,0,0,0,8,0,0,60.0,9060,5,1957,0,0,1340,7,1957.0,1,252,2089,1340
0,1,0,1,0,1,3,3,4,1,3,3,1,0,3,1,0,0,0,0,6,0,0,60.0,10800,6,1940,590,884,1436,8,1940.0,2,828,1297,1436
0,1,0,1,1,0,3,3,3,1,3,3,1,0,3,0,1,0,0,0,8,0,0,68.0,9571,5,1956,257,1073,1073,5,1956.0,1,340,790,1073
1,0,0,2,1,0,3,3,3,1,3,3,1,0,3,1,0,1,0,0,8,0,0,80.0,10800,6,1961,913,1313,1773,6,1961.0,2,418,2616,1773
0,1,0,1,1,0,4,4,4,1,3,3,0,0,4,1,0,0,0,0,6,0,0,121.0,17671,8,1882,216,916,1742,8,1925.0,2,424,720,1742
0,1,0,1,1,0,4,5,3,2,3,3,1,0,3,1,0,0,0,0,8,0,0,0.0,8246,5,1968,188,1060,1060,6,1968.0,1,270,222,1060
0,1,0,1,0,1,3,5,6,1,3,3,1,0,3,1,0,0,0,0,8,0,0,0.0,8499,5,1961,660,864,864,5,1982.0,2,732,557,864
0,1,0,2,1,0,4,5,2,1,3,4,0,1,4,1,0,0,0,0,8,0,0,50.0,8012,6,1993,165,1604,1617,5,1993.0,2,533,1148,1617
0,1,0,1,1,0,3,5,5,4,3,3,1,0,3,0,0,0,0,0,8,0,0,0.0,21453,6,1969,938,938,988,4,1969.0,2,540,2766,988
0,1,0,2,0,1,4,5,1,1,3,4,0,1,4,1,0,0,0,0,8,0,0,80.0,9605,7,2007,0,1218,1218,6,2007.0,2,576,534,1218
0,1,0,1,0,1,3,3,5,3,3,3,1,0,3,0,1,0,0,0,8,0,0,60.0,7180,5,1972,390,864,864,5,1989.0,1,352,1452,864
0,1,0,1,1,0,3,4,1,1,2,3,0,0,3,1,0,1,0,0,8,1,0,0.0,12513,4,1920,0,715,1738,7,1920.0,1,368,630,1738
0,1,0,1,0,1,5,3,1,1,2,2,0,0,3,1,0,0,0,0,6,0,0,50.0,9000,5,1880,0,636,1750,8,1937.0,1,240,2648,1750
1,0,0,2,1,0,4,5,6,4,3,3,0,1,3,1,0,1,0,0,8,0,0,80.0,8800,6,1963,763,936,1054,6,1963.0,2,480,125,1054
0,1,0,2,0,0,2,3,2,1,3,3,1,0,3,1,0,0,0,0,8,1,0,51.0,3500,3,1945,144,370,670,4,1945.0,0,0,1904,670
0,1,0,1,0,1,3,3,5,1,3,3,1,0,3,1,0,1,0,0,8,0,0,0.0,7340,4,1971,322,858,858,4,1979.0,1,684,1670,858
0,1,0,1,0,1,3,3,4,1,3,3,1,0,3,1,0,0,0,0,6,0,0,52.0,6240,4,1925,152,780,1208,5,1962.0,2,539,756,848
0,1,0,1,0,1,4,3,1,1,2,3,0,0,4,0,0,0,0,0,6,0,0,65.0,11700,7,1880,0,1240,2640,8,1950.0,4,864,717,2640
0,1,0,1,1,0,4,4,4,1,3,4,1,0,3,1,0,0,0,0,8,0,0,80.0,10000,5,1973,1084,1176,1178,5,1973.0,2,439,1032,1178
1,0,0,2,1,0,4,5,6,2,3,4,0,1,4,1,0,0,0,0,8,0,0,75.0,11166,7,2001,24,1492,1492,6,2001.0,2,608,852,1492
0,0,1,3,0,0,4,5,1,1,3,4,0,1,3,1,0,0,0,0,8,0,1,58.0,13204,7,2006,0,608,1458,6,2007.0,2,454,1731,1458
0,1,0,1,0,1,2,3,2,1,2,3,0,1,3,1,0,0,0,0,6,1,0,60.0,5520,4,1920,284,1147,1657,9,1920.0,1,162,2639,1657
0,1,0,1,0,0,3,3,0,0,0,0,0,0,2,1,0,0,0,0,8,0,0,0.0,9000,4,1945,0,0,998,5,1952.0,2,460,2071,998
0,1,0,1,1,0,4,4,1,3,3,3,0,0,4,1,0,1,0,0,8,0,0,74.0,8892,5,1953,0,105,910,5,1953.0,2,414,1267,910
0,1,0,1,0,1,4,5,1,1,3,4,0,1,4,1,0,0,0,1,7,0,0,73.0,7321,7,1999,0,1339,1358,5,1999.0,2,625,1851,1358
0,0,1,2,0,1,4,5,1,3,3,4,0,1,4,1,0,0,0,1,7,0,0,40.0,3951,6,2009,0,612,1224,4,2009.0,2,528,567,1224
0,1,0,3,1,0,4,4,1,1,3,4,0,1,4,1,0,0,0,0,8,0,1,0.0,11214,7,1998,0,930,1886,10,1998.0,2,431,2439,1886
0,1,0,1,0,1,4,4,3,1,3,3,1,0,3,1,0,1,0,0,8,0,0,75.0,7388,5,1959,405,1063,1327,7,1974.0,2,624,1898,1327
0,0,0,1,0,0,3,5,4,1,3,3,1,0,4,0,1,1,0,0,8,0,0,75.0,14559,5,1951,650,1008,1363,6,1951.0,1,288,647,1363
1,0,0,3,1,0,4,5,6,3,3,4,0,0,4,1,0,0,0,0,8,0,0,46.0,4054,7,1987,949,1501,1501,5,1987.0,2,512,2256,1501
0,1,0,2,0,0,3,3,1,1,3,3,1,0,3,1,0,0,0,0,6,0,0,21.0,1533,4,1970,0,546,1344,6,1970.0,0,0,979,1344
1,0,0,2,1,0,4,5,6,2,3,4,0,1,4,1,0,0,0,0,8,0,1,68.0,11250,7,2001,486,920,1786,6,2001.0,2,608,1444,1786
0,1,0,1,0,1,3,4,4,1,3,3,1,0,3,1,0,0,0,0,5,0,0,60.0,7800,5,1965,641,828,965,6,1979.0,1,300,2485,965
0,1,0,3,1,0,3,5,4,1,3,3,1,0,3,1,0,1,0,0,8,0,0,74.0,5868,5,1956,248,936,936,4,1956.0,1,308,157,936
0,1,0,3,1,0,3,2,5,1,3,3,1,0,3,1,0,0,0,0,8,0,0,75.0,7500,5,1963,824,1040,1040,5,1963.0,1,308,88,1040
0,1,0,1,0,1,3,4,2,1,3,3,1,0,3,1,0,0,0,0,6,1,0,52.0,9439,5,1930,324,912,1248,6,1957.0,1,160,2003,1248
0,1,0,1,0,1,4,5,1,1,2,2,0,0,4,1,0,0,0,0,6,0,0,50.0,9000,8,1890,0,346,2268,7,2003.0,2,624,186,2268
0,0,1,2,1,0,4,5,1,3,3,4,0,1,4,1,0,0,0,0,8,0,0,65.0,9345,8,2007,0,1615,1615,7,2007.0,3,864,1425,1615
0,1,0,1,0,1,4,5,1,1,3,3,1,0,3,1,0,0,0,0,6,1,0,60.0,7200,5,1938,0,803,1360,6,1951.0,1,297,2695,1360
1,0,0,3,1,0,3,4,3,1,3,3,0,0,3,1,0,0,0,0,6,1,0,60.0,6000,5,1924,220,468,1142,6,1924.0,1,320,738,1142
0,1,0,2,0,1,4,4,6,1,3,3,1,0,3,1,0,1,0,0,8,0,0,61.0,7930,6,1969,439,1026,1026,5,1969.0,2,440,395,1026
0,1,0,1,0,1,3,5,3,1,3,3,0,1,3,1,0,0,0,0,8,1,0,60.0,9120,7,1925,329,1026,1820,8,1925.0,1,240,1353,1820
0,1,0,1,0,1,3,3,5,1,3,3,1,0,3,0,1,1,0,0,8,0,0,0.0,9503,5,1958,457,1024,1344,6,1970.0,1,484,1878,1344
0,1,0,1,1,0,3,2,5,1,3,3,1,0,3,1,0,0,0,0,8,0,0,85.0,11050,7,1975,636,1176,1193,5,1975.0,2,506,390,1193
0,1,0,2,1,0,4,5,6,1,3,4,0,1,4,1,0,0,0,0,8,0,1,0.0,10316,7,2000,735,992,1865,7,2000.0,3,839,1456,1865
1,0,0,3,1,0,4,5,6,3,3,4,0,1,4,1,0,0,1,0,8,0,0,136.0,11675,8,1998,1660,1982,2006,5,1998.0,3,938,1103,2006
0,1,0,1,0,0,3,2,4,1,2,3,0,1,3,1,0,0,0,0,8,0,0,60.0,12900,5,1920,1300,1300,1140,6,1920.0,2,400,1387,1140
1,0,0,1,1,0,3,3,3,2,3,3,1,0,3,1,0,0,0,0,8,0,0,85.0,13770,5,1958,190,1158,1176,6,1958.0,1,303,2070,1176
0,1,0,3,1,0,3,3,5,1,4,4,1,0,3,1,0,0,0,0,8,0,1,0.0,13355,7,1971,583,825,1670,7,1971.0,2,464,1199,1670
0,1,0,2,1,0,4,5,5,1,3,4,0,1,4,1,0,0,0,0,8,0,1,65.0,7153,6,1992,387,761,1603,7,1992.0,2,484,2479,1603
1,0,0,3,1,0,4,5,4,3,3,4,0,1,4,0,1,0,1,0,8,0,0,0.0,10750,8,1994,236,2024,2063,7,1994.0,3,815,501,2063
0,1,0,2,0,0,3,3,4,1,3,3,1,0,3,1,0,1,0,0,8,0,0,0.0,8125,4,1971,614,858,858,5,1971.0,0,0,2362,858
0,0,1,2,1,0,4,5,5,3,3,4,0,1,4,1,0,0,0,0,8,0,0,34.0,3903,6,2005,1030,1302,1302,5,2005.0,2,631,1718,1302
0,1,0,2,0,0,4,5,3,1,3,3,0,0,3,1,0,0,0,0,5,0,0,70.0,4270,3,1931,544,544,774,6,1931.0,0,0,2188,774
1,0,0,2,1,0,4,5,6,4,3,4,0,1,4,1,0,0,0,0,6,0,0,0.0,4426,6,2004,697,848,848,3,2004.0,2,420,1483,848
1,0,0,1,0,1,3,4,1,2,3,2,0,1,3,1,0,0,0,0,8,0,0,52.0,5825,4,1926,0,600,747,5,1953.0,2,528,2557,747
0,0,1,3,0,0,5,5,6,3,3,5,0,1,4,1,0,0,0,0,8,0,1,59.0,23303,8,2007,1230,1508,2520,10,2007.0,3,640,437,2520
1,0,0,2,1,0,3,3,2,2,4,3,1,0,3,1,0,0,0,0,8,0,0,0.0,25485,6,1960,540,1560,1560,6,1960.0,2,580,2224,1560
1,0,0,2,1,0,4,4,1,1,3,4,0,1,4,1,0,0,0,0,8,0,0,0.0,10784,7,1991,0,384,1472,7,1991.0,2,402,1628,1472
1,0,0,1,1,0,3,5,5,1,3,4,1,0,3,1,0,1,0,0,8,0,0,0.0,8510,5,1971,500,1043,1050,6,1971.0,1,336,397,1050
1,0,0,2,1,0,3,2,5,3,3,4,1,0,3,1,0,0,0,0,8,0,0,0.0,17871,6,1967,528,1680,1724,7,1967.0,2,480,587,1724
0,0,1,3,0,0,5,5,6,4,3,5,0,1,5,0,1,0,0,0,8,0,1,130.0,40094,10,2007,2260,3138,4676,11,2007.0,3,884,2182,4676
1,0,0,1,1,0,3,3,0,0,0,0,0,0,3,0,1,0,0,0,8,0,0,100.0,21750,5,1960,0,0,1771,9,1960.0,2,336,971,1771
0,0,0,2,1,0,3,5,5,1,3,3,1,0,3,1,0,1,0,0,8,0,0,77.0,9510,6,1962,701,1135,1207,6,1962.0,1,264,2611,1207
0,1,0,2,1,0,3,3,0,0,0,0,0,0,3,1,0,1,0,0,8,0,0,0.0,8339,5,1959,0,0,882,5,1959.0,1,294,1887,882
1,0,0,3,1,0,5,5,6,4,3,5,0,1,5,0,1,0,0,0,8,0,0,131.0,14828,9,2004,1383,1780,1780,7,2004.0,3,816,2399,1780
1,0,0,2,1,0,4,5,1,1,3,4,0,1,4,1,0,0,0,0,8,0,0,70.0,8749,7,2002,0,1459,1459,6,2002.0,2,527,2148,1459
0,1,0,1,0,1,3,2,4,2,3,3,0,0,3,1,0,0,0,0,6,1,0,50.0,9140,6,1921,308,629,1107,5,1950.0,1,625,304,1107
0,1,0,1,0,1,4,4,3,1,2,3,0,0,3,0,0,0,0,0,6,0,0,60.0,3600,5,1930,316,687,1358,6,2004.0,1,336,1997,1358
0,1,0,1,1,0,3,4,3,1,3,4,1,0,3,1,0,0,0,0,8,0,0,67.0,8777,4,1910,173,676,1436,6,1950.0,2,528,2817,1436
0,1,0,2,1,0,4,4,6,4,3,4,0,1,3,1,0,0,0,0,8,0,1,79.0,12798,6,1997,462,616,1688,8,1997.0,2,603,1431,1688
1,0,0,2,1,0,5,5,1,1,3,5,0,1,5,0,1,0,0,0,8,0,0,98.0,12704,8,2008,0,2042,2042,8,2009.0,3,1390,427,2042
0,1,0,1,0,1,3,3,5,3,3,3,1,0,3,1,0,0,0,0,8,0,0,68.0,7480,5,1972,480,876,876,5,1977.0,2,484,263,876
1,0,0,2,1,0,3,2,6,3,3,4,1,0,3,0,1,0,0,0,8,0,0,0.0,16500,6,1971,962,1232,1320,5,1971.0,2,495,598,1320
1,0,0,2,1,0,3,3,1,1,3,4,1,0,4,0,1,0,0,0,8,0,0,0.0,16669,8,1981,0,1686,1707,6,1981.0,2,511,2895,1707
0,1,0,1,0,1,3,3,2,1,3,3,1,0,3,1,0,1,0,0,8,1,0,60.0,8064,6,1948,120,864,1495,6,1994.0,2,576,687,1064
0,1,0,1,0,1,4,4,5,1,3,3,1,0,3,1,0,0,0,0,8,0,0,0.0,7758,5,1962,588,999,999,6,1963.0,1,264,1822,999
0,1,0,1,0,1,3,4,1,1,3,2,1,0,3,1,0,0,0,0,8,1,0,70.0,11767,4,1910,0,560,1346,6,1950.0,1,384,2191,1346
0,1,0,1,0,1,2,4,1,1,3,4,0,1,3,1,0,0,0,0,6,0,0,50.0,6900,6,1938,0,827,1251,6,1938.0,1,240,179,1251
0,1,0,3,1,0,4,4,6,2,3,4,0,1,4,1,0,0,0,0,8,0,0,40.0,4671,8,1988,767,1228,1228,5,1988.0,2,472,1009,1228
0,1,0,1,0,1,3,5,3,1,3,3,1,0,3,1,0,0,0,0,6,1,0,50.0,6125,5,1939,306,728,1274,6,1939.0,1,224,2010,1274
0,1,0,1,0,1,3,3,2,1,3,3,0,0,3,0,0,0,0,0,6,0,0,53.0,9863,6,1927,196,728,1642,9,1927.0,1,374,1991,1642
0,1,0,1,1,0,4,3,3,3,3,3,1,0,3,0,1,0,0,0,8,0,0,68.0,9571,5,1956,870,1509,1509,6,1956.0,1,322,1411,1509
0,0,1,2,1,0,4,5,6,2,4,4,0,1,4,1,0,0,0,0,8,0,0,34.0,4590,8,2006,24,1554,1554,6,2006.0,2,627,1721,1554
0,1,0,2,1,0,4,5,6,1,3,4,0,1,4,1,0,0,0,0,8,0,1,65.0,8450,6,2001,472,827,1677,7,2001.0,2,627,1144,1677
0,1,0,3,1,0,4,5,6,1,3,4,0,1,4,1,0,0,0,0,8,0,1,70.0,8400,8,2001,643,810,1665,6,2001.0,2,528,593,1665
1,0,0,3,1,0,5,5,6,4,4,4,1,0,5,1,0,0,0,0,8,0,0,0.0,14694,8,1977,1252,1694,1694,5,1977.0,2,642,575,1694
1,0,0,3,1,0,3,3,1,1,3,3,1,0,3,1,0,1,0,0,8,0,0,95.0,14250,6,1957,0,998,1790,6,1957.0,2,540,1249,1790
0,1,0,1,1,0,3,3,5,1,3,3,1,0,3,1,0,0,0,0,8,0,0,37.0,6951,5,1984,658,876,923,5,1984.0,1,264,1604,923
0,0,1,3,1,0,5,5,6,4,3,5,0,1,5,0,1,0,0,0,8,0,0,106.0,12720,10,2003,2257,2535,2470,7,2003.0,3,789,1064,2470
0,1,0,1,1,0,3,5,3,1,3,3,1,0,3,1,0,1,0,0,8,0,0,90.0,11988,6,1957,777,1244,1244,6,1957.0,1,336,1923,1244
0,1,0,2,0,0,4,4,5,1,3,3,1,0,3,1,0,0,0,0,6,0,0,40.0,3880,5,1945,329,686,866,4,1945.0,0,0,1988,866
1,0,0,3,1,0,4,4,5,1,3,4,0,1,3,1,0,0,0,0,8,0,1,0.0,7685,6,1993,518,697,1501,6,1993.0,2,420,2325,1501
0,1,0,2,1,0,3,3,5,2,3,4,0,1,3,1,0,0,0,0,8,1,0,0.0,18837,6,1978,687,1224,1891,7,1978.0,2,678,114,1891
0,1,0,1,0,1,3,3,1,1,3,3,1,0,3,1,0,0,0,0,8,0,0,120.0,11136,6,1964,0,1921,1921,8,1964.0,2,576,2700,1921
1,0,0,2,0,0,3,3,5,1,3,3,1,0,2,1,0,0,0,0,8,0,0,72.0,10773,4,1967,704,1832,1832,8,1967.0,0,0,217,1832
1,0,0,2,1,0,3,3,2,1,3,3,1,0,3,0,1,1,0,0,8,0,0,85.0,10200,6,1974,844,1434,1434,7,1974.0,2,528,343,1434
0,1,0,3,1,0,4,5,1,1,3,4,0,1,4,1,0,0,0,1,7,0,1,0.0,7500,8,2000,0,1058,1874,7,2000.0,2,588,386,1874
0,1,0,2,1,0,3,5,0,0,0,0,0,0,3,1,0,0,0,0,6,0,0,76.0,11800,4,1949,0,0,1382,6,1957.0,1,384,2005,1382
0,1,0,2,0,0,3,5,1,1,3,4,0,1,3,1,0,0,0,0,8,0,0,90.0,17217,5,2006,0,1140,1140,6,2006.0,0,0,2908,1140
0,1,0,2,1,0,4,5,6,4,3,4,0,1,4,1,0,0,0,0,8,0,0,0.0,16196,7,1998,1443,1482,1494,5,1998.0,2,514,1814,1494
1,0,0,3,1,0,4,5,6,4,3,5,0,1,4,0,1,0,1,0,8,0,1,118.0,35760,10,1995,1387,1930,3627,10,1995.0,3,807,2446,3627
0,1,0,1,0,1,4,4,1,1,3,4,0,0,3,1,0,0,0,0,6,0,0,76.0,7630,5,1900,0,360,1812,8,1999.0,2,672,208,1812
1,0,0,1,0,1,3,3,1,1,3,3,1,0,3,1,0,0,0,0,6,0,0,24.0,2016,5,1970,0,630,1302,6,1970.0,2,440,1679,1302
0,0,1,2,1,0,5,5,6,4,3,5,0,1,5,1,0,0,0,0,8,0,0,65.0,10816,9,2008,1104,1720,1720,8,2008.0,3,846,822,1720
1,0,0,3,1,0,4,5,6,1,3,3,0,1,3,1,0,0,0,0,8,0,1,78.0,9978,6,1998,602,926,1604,7,1998.0,2,470,6,1604
1,0,0,3,1,0,5,5,6,3,3,5,0,1,5,0,1,0,0,1,8,0,0,98.0,12291,10,2007,1572,1966,1966,6,2007.0,3,1092,1781,1966
0,0,1,3,0,0,5,5,1,2,3,4,0,1,4,1,0,0,0,0,8,0,1,86.0,11065,8,2006,0,1085,1970,8,2006.0,3,753,2397,1970
1,0,0,3,1,0,4,5,6,4,3,5,0,1,4,0,1,0,0,0,8,0,0,60.0,8147,9,2005,1191,1714,1714,7,2005.0,2,517,2340,1714
0,1,0,3,1,0,3,4,6,3,3,4,0,1,3,1,0,0,0,0,8,0,1,0.0,13869,6,1997,182,794,1470,6,1997.0,2,388,1618,1470
0,1,0,1,0,1,3,3,1,1,2,3,0,1,4,1,0,0,0,0,8,0,0,60.0,6204,4,1912,0,795,2230,10,1997.0,1,440,2843,1749
1,0,0,3,0,0,5,5,6,3,3,5,0,1,4,1,0,0,0,0,8,0,1,102.0,12151,9,2005,1249,1414,2331,9,2005.0,3,1003,1061,2331
0,1,0,2,1,0,3,5,3,2,3,3,1,0,3,0,1,0,0,0,8,0,0,120.0,9560,5,1972,360,864,864,5,1972.0,1,288,2786,864
0,1,0,1,1,0,4,4,4,1,3,3,1,0,3,1,0,1,0,0,8,0,0,66.0,8923,5,1953,643,1008,1008,6,1953.0,1,240,1935,1008
0,1,0,2,0,0,3,3,5,1,3,3,0,0,3,1,0,0,0,0,6,1,0,60.0,5520,5,1920,68,565,1216,6,1920.0,1,355,1341,1216
0,0,1,2,1,0,4,5,1,3,3,4,0,1,4,1,0,0,0,1,7,0,0,112.0,12606,9,2007,0,1530,1530,7,2008.0,3,984,521,1530
1,0,0,1,0,1,3,3,6,3,3,4,1,0,3,1,0,0,0,0,8,0,0,59.0,8660,5,1976,502,1015,1025,6,1979.0,2,370,2136,1025
0,1,0,3,1,0,3,4,6,4,3,4,0,1,3,1,0,0,0,0,8,0,1,59.0,9042,6,1998,828,943,1638,7,1998.0,2,472,996,1638
0,1,0,1,1,0,3,5,3,1,4,3,1,0,3,1,0,0,0,0,8,0,1,86.0,11227,5,1968,267,720,1440,7,1968.0,2,480,227,1440
1,0,0,1,1,0,4,4,6,4,3,3,1,0,3,1,0,1,0,0,8,0,0,75.0,11380,6,1966,944,1080,1128,5,1966.0,1,315,135,1128
0,0,1,1,0,1,3,4,6,1,3,4,0,1,3,1,0,0,0,1,7,0,0,24.0,2280,6,1999,550,744,1549,6,1999.0,2,440,1167,1549
1,0,0,1,1,0,3,5,5,1,3,4,0,0,4,1,0,0,0,0,8,1,0,78.0,10452,7,1941,426,1528,2133,8,1941.0,1,312,294,2133
0,1,0,1,1,0,4,5,1,1,3,4,0,1,4,1,0,0,0,1,8,0,0,75.0,9910,7,2007,0,1369,1369,5,2007.0,2,605,1776,1369
0,1,0,1,0,1,4,5,1,1,3,4,0,1,4,1,0,0,0,0,8,0,0,63.0,13072,7,2004,0,1114,1114,6,2005.0,2,576,540,1114
0,0,1,2,1,0,4,5,5,3,3,4,0,1,4,1,0,0,0,0,8,0,0,34.0,3901,6,2005,866,1302,1302,5,2005.0,2,631,1717,1302
0,1,0,3,1,0,3,3,5,1,3,4,1,0,3,1,0,0,0,0,8,0,0,65.0,11625,5,1983,596,816,816,4,1983.0,1,264,2303,816
0,1,0,2,1,0,4,3,5,1,3,3,1,0,3,0,1,0,0,0,8,0,0,78.0,9360,6,1972,982,1161,1381,5,1972.0,2,676,116,1381
0,1,0,1,1,0,4,4,6,2,3,3,1,0,3,0,1,1,0,0,8,0,0,68.0,9717,5,1950,49,1078,1078,5,1950.0,1,240,127,1078
0,1,0,1,0,1,3,5,1,1,3,3,1,0,3,1,0,0,0,0,6,1,0,60.0,10320,6,1906,0,756,1469,7,1906.0,1,216,1371,1469
0,1,0,1,1,0,3,3,1,1,3,3,1,0,3,0,1,0,0,0,8,0,0,0.0,31220,6,1952,0,1632,1474,7,1952.0,2,495,1014,1474
0,1,0,2,0,0,3,4,0,0,0,0,0,0,3,1,0,0,0,0,8,1,0,57.0,8050,5,1947,0,0,1137,8,1947.0,0,0,1507,1137
1,0,0,1,0,1,3,4,1,1,3,3,1,0,3,0,1,0,0,0,6,0,0,60.0,7596,5,1952,0,960,1960,10,1952.0,2,400,702,1960
0,1,0,1,0,1,3,4,1,1,3,3,0,1,3,1,0,0,0,0,6,0,0,57.0,8094,6,1915,0,1048,1768,8,1930.0,2,576,750,1768
1,0,0,3,1,0,3,5,6,1,3,4,1,0,3,1,0,0,0,0,8,0,1,0.0,10900,6,1977,378,689,1392,6,1977.0,1,299,261,1392
0,1,0,1,0,1,2,5,1,2,2,2,0,0,3,1,0,0,0,0,3,0,0,60.0,9000,4,1920,0,592,864,5,1920.0,1,216,1559,864
0,1,0,2,1,0,4,3,2,2,3,4,1,0,4,1,0,0,0,0,8,0,0,110.0,15417,7,1981,121,1740,1740,7,1981.0,2,540,577,1740
0,1,0,2,1,0,4,5,1,1,3,4,0,1,4,1,0,0,0,0,8,0,1,89.0,11645,7,2004,0,860,1720,7,2004.0,2,565,2812,1720
0,1,0,1,1,0,4,5,4,1,3,3,1,0,3,1,0,0,0,0,8,1,0,70.0,10512,6,1954,491,988,1626,6,1954.0,1,332,2080,1626
0,1,0,2,0,0,3,4,1,1,3,3,0,0,3,1,0,0,0,0,6,1,0,60.0,5586,6,1920,0,901,1198,7,1920.0,0,0,1368,1198
0,1,0,2,1,0,3,3,5,3,3,3,1,0,3,1,0,1,0,0,8,0,0,68.0,7838,5,1967,769,864,900,6,1967.0,1,288,2376,900
0,1,0,1,0,1,4,5,1,1,3,3,0,0,4,1,0,0,0,0,8,0,0,52.0,9022,5,1924,0,768,792,5,1924.0,1,240,659,792
1,0,0,1,1,0,3,3,5,1,3,3,1,0,3,0,1,1,0,0,8,0,0,0.0,7390,5,1955,902,1098,1098,6,1955.0,1,260,1235,1098
0,1,0,2,0,0,3,5,1,1,3,3,1,0,3,1,0,0,0,0,6,0,0,21.0,1900,4,1970,0,546,1092,5,1970.0,0,0,332,1092
0,1,0,2,1,0,4,3,5,1,3,3,1,0,3,1,0,1,0,0,8,0,0,73.0,8760,6,1957,873,936,936,4,1957.0,1,315,1917,936
0,1,0,2,1,0,4,5,4,2,3,5,0,1,4,1,0,0,0,0,8,0,1,103.0,13125,7,1991,48,1104,2127,8,1991.0,3,833,2094,2127
1,0,0,3,0,0,4,5,1,1,3,4,0,1,4,1,0,0,0,0,8,0,1,0.0,9240,8,2001,0,1055,2263,7,2001.0,2,905,1460,2263
1,0,0,3,1,0,4,5,6,4,3,4,0,1,3,1,0,0,0,0,8,0,0,75.0,13125,6,1997,994,1478,1493,7,1997.0,2,508,1471,1493
0,1,0,1,0,1,3,5,4,1,3,3,1,0,3,1,0,0,0,0,8,1,0,70.0,11767,5,1946,352,768,1200,6,1946.0,1,240,1509,1200
0,1,0,1,1,0,3,3,4,1,3,3,1,0,3,1,0,1,0,0,8,0,0,80.0,9250,5,1954,480,1056,1056,6,1954.0,1,260,1922,1056
0,0,1,3,1,0,5,5,6,4,3,5,0,1,5,0,1,0,0,0,8,0,0,105.0,13693,10,2007,2288,2630,2674,8,2007.0,3,762,433,2674
1,0,0,2,1,0,5,5,1,1,3,5,0,1,5,0,1,0,0,0,8,0,0,48.0,6472,9,2008,0,1451,1456,6,2008.0,2,539,460,1456
0,0,1,2,1,0,4,5,6,1,3,4,0,1,3,1,0,0,0,1,8,0,0,78.0,10206,8,2007,33,1563,1563,6,2007.0,3,758,1116,1563
0,1,0,1,0,1,4,5,6,1,3,4,0,1,3,1,0,0,0,0,8,0,0,66.0,13695,6,2003,814,1114,1114,6,2004.0,2,576,1137,1114
1,0,0,3,1,0,4,5,6,3,3,4,0,1,4,1,0,0,0,0,8,0,0,43.0,3203,7,2006,16,1145,1145,6,2006.0,2,437,53,1145
0,1,0,3,0,0,4,5,5,1,3,4,0,1,4,1,0,0,0,1,7,0,1,75.0,9512,7,2005,788,960,2318,8,2005.0,2,541,2354,2318
0,0,1,1,1,0,4,5,6,2,3,4,0,1,4,1,0,0,0,0,8,0,0,75.0,9750,7,2004,24,1445,1445,6,2004.0,2,470,1475,1445
0,1,0,3,1,0,5,5,6,3,3,5,0,1,4,0,1,0,1,0,8,0,1,160.0,15623,10,1996,2096,2396,4476,10,1996.0,3,813,1761,4476
0,1,0,1,0,1,3,5,5,1,4,4,0,1,3,1,0,0,0,0,8,0,0,60.0,8072,5,1994,746,990,990,5,2000.0,2,480,842,990
0,0,1,3,1,0,3,5,5,4,3,3,1,0,3,1,0,0,0,0,8,0,0,78.0,11679,5,1962,612,1776,1560,6,1962.0,2,528,2739,1560
0,1,0,2,0,1,4,5,1,1,3,4,0,1,4,1,0,0,0,1,7,0,0,24.0,2544,7,2005,0,600,1223,4,2005.0,2,480,2509,1143
0,1,0,3,1,0,4,5,1,1,3,4,0,1,4,1,0,0,0,0,8,0,1,0.0,10832,7,1994,0,712,1895,7,1994.0,2,409,1007,1895
0,1,0,2,1,0,4,3,3,1,3,3,1,0,3,1,0,1,0,0,8,1,0,77.0,9786,6,1962,600,912,1734,7,1962.0,2,440,2610,1734
0,1,0,1,0,1,5,5,1,1,3,2,0,0,3,1,0,0,0,0,8,0,0,60.0,5400,5,1920,0,691,691,4,1920.0,1,216,1952,691
1,0,0,2,1,0,3,3,3,1,3,3,1,0,3,1,0,0,0,0,8,0,0,75.0,8235,5,1977,483,1949,1949,10,1977.0,2,586,2719,1949
0,1,0,1,0,0,3,3,3,1,3,3,1,0,3,1,0,0,0,0,6,0,0,21.0,1894,4,1970,252,546,1092,6,1970.0,1,286,2921,1092
0,1,0,2,1,0,3,4,3,1,3,3,1,0,3,0,1,1,0,0,8,0,0,70.0,7903,5,1960,739,1242,1242,6,1960.0,1,324,1966,1242
0,1,0,2,0,0,3,5,1,1,2,3,0,1,3,1,0,0,0,0,8,1,0,51.0,9839,5,1931,0,894,1666,7,1931.0,0,0,292,1666
1,0,0,2,1,0,3,4,4,1,3,3,1,0,3,1,0,0,0,0,8,0,1,0.0,9900,7,1968,552,832,1978,9,1968.0,2,486,1204,1978
0,1,0,2,1,0,4,3,2,4,3,3,1,0,4,1,0,0,0,0,8,0,1,0.0,17542,7,1974,125,1192,2167,9,1974.0,2,518,1829,2167
0,1,0,3,1,0,4,5,1,1,3,4,0,1,4,1,0,0,0,0,8,0,1,75.0,9073,7,2006,0,738,1492,8,2006.0,2,440,2419,1492
1,0,0,2,1,0,3,3,1,1,3,4,1,0,3,0,1,0,0,0,8,0,0,78.0,10140,6,1974,0,1064,1350,7,1974.0,2,478,391,1350
0,1,0,1,0,1,3,3,3,2,3,3,0,0,3,1,0,0,0,0,8,1,0,60.0,9060,6,1939,204,560,1258,6,1939.0,1,280,798,1258
0,1,0,3,1,0,4,5,6,1,3,4,0,1,4,1,0,0,0,0,8,0,1,0.0,8965,7,2003,652,782,1489,8,2003.0,2,400,481,1489
0,1,0,1,0,1,4,3,4,1,3,4,0,0,3,1,0,0,0,0,8,0,0,0.0,7793,7,1922,474,1108,2068,8,1928.0,1,315,193,2068
0,1,0,1,0,1,3,4,2,1,3,3,1,0,3,0,1,0,0,0,8,0,0,63.0,9750,5,1962,68,980,980,5,1969.0,2,400,555,980
0,1,0,1,0,1,2,2,0,0,0,0,0,0,3,0,0,0,0,0,8,0,0,74.0,10206,3,1952,0,0,944,4,1956.0,2,528,899,944
0,1,0,2,1,0,3,3,6,1,3,4,0,1,3,1,0,0,0,0,8,0,1,78.0,10140,7,1976,194,832,1664,8,1976.0,2,528,2357,1664
0,1,0,2,1,0,3,5,6,4,3,4,1,0,3,1,0,0,0,0,6,0,0,31.0,2394,5,1973,915,945,945,5,1973.0,1,253,328,945
0,1,0,3,0,1,2,5,3,2,4,3,0,0,3,1,0,0,0,0,8,0,0,55.0,10267,6,1918,210,816,838,5,1961.0,1,275,1356,838
0,1,0,1,1,0,3,3,5,1,4,4,1,0,3,0,1,0,0,0,8,0,0,60.0,6360,5,1963,489,864,864,5,1963.0,1,276,1154,864
0,1,0,3,1,0,4,5,1,1,3,4,0,1,4,1,0,0,0,0,8,0,1,65.0,10237,6,2005,0,783,1484,8,2005.0,2,393,1730,1484
0,1,0,2,1,0,3,5,6,3,3,4,1,0,3,1,0,0,0,0,8,0,0,0.0,7540,6,1978,773,888,912,5,1978.0,2,470,2249,912
0,0,1,3,1,0,4,5,6,3,3,4,0,1,4,0,1,0,0,1,8,0,1,80.0,9428,8,2007,729,955,1874,8,2007.0,3,880,1119,1874
0,1,0,1,0,1,3,2,2,3,2,3,1,0,3,1,0,0,0,0,8,1,0,84.0,10164,5,1939,646,992,1465,6,1939.0,1,240,2856,1465
0,1,0,2,0,0,3,3,1,1,3,3,1,0,3,1,0,0,0,0,8,0,0,85.0,13825,5,1958,0,533,1601,6,1958.0,1,300,1394,1601
0,1,0,1,0,1,3,5,4,1,3,4,1,0,3,1,0,1,0,0,8,0,0,55.0,7700,5,1956,271,301,1145,6,1993.0,2,684,2587,1145
1,0,0,3,1,0,4,5,1,1,3,5,0,1,4,0,1,0,1,0,8,0,1,60.0,17433,8,1998,0,1629,2475,7,1998.0,3,962,61,2475
0,1,0,1,0,1,3,5,1,1,3,3,0,0,3,1,0,0,0,0,6,0,0,70.0,6300,7,1910,0,1226,2104,9,1910.0,2,432,2661,2104
0,1,0,1,1,0,3,3,6,3,3,3,1,0,3,1,0,0,0,0,8,0,0,80.0,10366,6,1964,456,912,934,4,1964.0,1,336,2711,934
1,0,0,2,1,0,4,5,6,1,3,4,0,1,4,1,0,0,0,0,8,0,1,76.0,9291,6,1993,426,832,1710,7,1993.0,2,506,1147,1710
0,1,0,1,1,0,4,5,1,1,3,3,0,0,3,1,0,0,0,0,6,0,0,0.0,5775,6,1915,0,483,1427,7,1915.0,1,379,757,1427
0,1,0,1,0,1,3,3,0,0,0,0,0,0,3,1,0,1,0,0,8,0,0,60.0,7200,4,1950,0,0,1040,4,1950.0,2,420,2623,1040
0,1,0,2,1,0,3,4,5,1,3,4,1,0,3,1,0,0,0,0,8,0,0,24.0,2179,6,1976,70,855,1456,6,1976.0,2,460,2378,1456
0,0,0,1,0,1,3,3,3,1,3,3,1,0,4,1,0,0,0,0,8,0,1,50.0,9360,6,1962,324,621,1269,7,1962.0,1,280,1413,1269
0,0,1,2,1,0,4,5,6,2,4,4,0,1,4,1,0,0,0,0,8,0,0,44.0,6442,8,2006,24,1370,1370,6,2006.0,2,484,1722,1370
0,0,1,3,0,0,4,5,1,2,3,4,0,1,4,1,0,0,0,1,8,0,1,86.0,14598,6,2007,0,894,1933,9,2007.0,3,668,1112,1933
0,1,0,3,1,0,3,4,5,1,3,4,0,1,3,1,0,0,0,0,8,0,1,0.0,8637,6,1999,871,923,1714,7,2000.0,2,451,1623,1714
1,0,0,2,1,0,4,3,5,1,3,3,1,0,4,0,1,0,0,0,8,0,1,76.0,9120,6,1974,442,901,1876,8,1974.0,2,540,1201,1876
0,1,0,1,0,1,4,3,5,1,3,3,0,1,3,1,0,0,0,0,8,0,0,67.0,5142,4,1923,224,949,1292,6,1923.0,1,205,1513,1292
0,1,0,2,1,0,3,3,5,4,3,4,1,0,3,0,1,0,0,0,8,0,0,150.0,215245,7,1965,1236,2136,2036,8,1965.0,2,513,957,2036
1,0,0,2,1,0,5,5,6,3,3,4,0,1,4,1,0,0,0,1,7,0,0,35.0,4109,9,1999,1141,1557,1557,5,1999.0,2,484,1171,1557
0,1,0,3,1,0,4,4,6,1,3,4,0,1,4,1,0,0,0,0,8,0,1,75.0,8285,7,1992,397,836,1737,7,1992.0,2,506,1145,1737
1,0,0,1,1,0,3,3,3,3,3,4,1,0,3,1,0,0,0,0,8,0,0,0.0,20355,7,1967,810,1865,1830,6,1967.0,2,521,2726,1830
0,1,0,1,0,1,3,4,1,1,3,3,1,0,3,1,0,0,0,0,6,0,1,60.0,3378,7,1946,0,651,1389,6,1947.0,1,240,703,1389
0,1,0,2,0,0,4,3,4,3,2,4,0,1,3,0,1,0,0,0,6,0,0,86.0,5160,4,1923,749,858,892,5,1923.0,0,0,760,892
0,1,0,2,1,0,4,5,6,1,3,3,1,0,3,0,1,1,0,0,8,0,0,0.0,7500,5,1959,574,1040,1040,6,1959.0,1,286,1964,1040
1,0,0,1,0,1,4,5,6,1,3,4,0,1,4,0,1,0,0,1,7,0,0,35.0,3735,7,1999,450,691,1452,6,1999.0,2,506,2512,1452
0,1,0,1,0,1,3,4,6,1,3,3,1,0,3,1,0,0,0,0,8,0,0,64.0,6979,6,1980,1056,1056,1056,4,1980.0,2,576,159,1056
1,0,0,2,1,0,3,3,4,1,3,3,1,0,3,0,1,1,0,0,8,0,1,71.0,7056,6,1963,400,780,1796,8,1963.0,2,483,1281,1796
0,1,0,3,0,0,4,5,1,3,3,4,0,1,4,1,0,0,0,0,8,0,1,122.0,11911,6,2005,0,684,1560,6,2005.0,2,400,468,1560
0,1,0,1,0,1,3,3,3,1,3,3,1,0,3,1,0,0,0,0,8,0,0,0.0,7890,6,1939,238,856,856,4,1939.0,2,399,290,856
0,1,0,3,0,1,4,3,1,1,3,3,0,0,3,1,0,0,0,0,8,0,0,60.0,10800,5,1920,0,720,846,4,1980.0,2,576,665,846
0,1,0,1,1,0,4,5,1,2,3,4,0,1,4,1,0,0,0,0,8,0,1,0.0,11250,8,2002,0,1128,2290,9,2002.0,2,779,1463,2290
0,1,0,2,1,0,4,5,1,1,3,4,0,1,4,1,0,0,0,1,8,0,1,70.0,9605,7,2006,0,982,1977,7,2006.0,3,574,1792,1977
0,1,0,1,1,0,3,5,3,1,3,3,1,0,3,1,0,0,0,0,8,0,0,80.0,14680,5,1960,793,1273,1273,5,1960.0,1,307,923,1273
1,0,0,2,1,0,4,5,1,1,3,4,0,1,4,1,0,0,1,0,8,0,1,79.0,10208,7,1996,0,1264,2344,7,1996.0,3,889,500,2344
0,1,0,2,0,0,2,5,5,4,3,3,0,1,3,0,0,0,0,0,8,0,0,85.0,19550,5,1940,1035,1580,1518,5,1940.0,0,0,1408,1518
0,1,0,2,0,0,3,5,2,3,3,4,1,0,3,1,0,0,0,0,6,0,0,21.0,1491,4,1972,150,630,630,3,1972.0,0,0,331,630
1,0,0,1,0,0,3,3,5,1,3,3,0,1,3,0,1,0,0,0,6,1,0,60.0,4800,4,1900,48,709,1844,9,1900.0,1,240,170,1844
0,1,0,1,0,1,3,3,4,1,3,3,1,0,3,1,0,0,0,0,8,0,0,60.0,8172,4,1955,544,768,768,4,1959.0,1,355,2192,768
0,1,0,1,0,1,4,4,6,1,3,3,0,1,4,1,0,1,0,0,8,0,0,174.0,25419,8,1918,1036,1360,3112,8,1918.0,2,795,2571,2720
0,1,0,3,1,0,3,4,5,1,3,4,0,1,3,1,0,0,0,0,8,0,1,0.0,13031,6,1995,592,691,1498,6,1995.0,2,409,2314,1498
0,1,0,1,0,1,3,3,1,1,2,3,0,0,3,1,0,0,0,0,6,0,0,50.0,5633,5,1925,0,844,844,5,1925.0,1,216,2647,844
0,0,1,3,0,0,5,5,6,1,3,5,0,1,5,0,1,0,0,0,8,0,1,110.0,14257,9,2007,1360,1776,2772,10,2007.0,3,754,422,2772
0,1,0,3,1,0,5,5,6,2,3,5,0,1,4,1,0,0,0,1,8,0,0,49.0,20896,8,2005,1721,2077,2097,8,2005.0,3,1134,2457,2097
0,1,0,2,1,0,4,5,1,1,4,5,0,1,4,1,0,0,0,1,7,0,0,47.0,4230,7,2006,0,1352,1352,5,2006.0,2,466,1838,1352
0,1,0,2,1,0,4,5,1,3,3,4,0,1,4,1,0,0,0,0,8,0,1,120.0,15611,8,2006,0,1079,1919,8,2006.0,2,685,2805,1919
0,1,0,1,1,0,3,3,6,1,3,4,1,0,3,0,1,0,0,0,8,0,0,0.0,10960,6,1984,256,1284,1284,5,1984.0,2,480,1645,1284
1,0,0,3,0,0,5,5,1,1,3,4,0,1,4,0,1,0,0,0,8,0,1,93.0,11999,8,2003,0,1181,2374,10,2003.0,3,656,1711,2374
0,1,0,3,0,0,4,5,1,1,3,5,0,1,4,1,0,0,0,0,8,0,1,90.0,11060,7,2003,0,1150,2314,9,2003.0,2,502,2825,2314
0,1,0,3,1,0,5,5,1,4,3,5,0,1,5,0,1,0,0,0,8,0,0,89.0,13214,9,2008,0,2002,2018,10,2009.0,3,746,322,2018
0,0,1,2,1,0,4,5,1,3,3,4,0,1,4,1,0,0,0,0,8,0,0,66.0,10235,8,2007,0,1643,1651,7,2007.0,3,870,2103,1651
0,1,0,1,1,0,3,3,3,1,2,2,1,0,3,1,0,1,0,0,8,0,0,74.0,13008,6,1956,564,882,882,5,1956.0,1,502,342,882
0,1,0,1,0,1,3,4,5,1,3,3,1,0,3,1,0,1,0,0,8,0,0,60.0,7436,4,1960,734,894,894,5,1988.0,2,396,600,894
1,0,0,3,1,0,3,5,1,1,3,4,0,1,3,1,0,0,0,0,8,0,1,60.0,8123,6,2000,0,982,1800,7,2000.0,2,463,488,1800
1,0,0,2,1,0,5,5,1,1,3,5,0,1,5,0,1,0,0,0,8,0,0,68.0,7820,9,2007,0,1869,1869,6,2007.0,2,617,1725,1869
0,0,1,3,1,0,4,4,6,4,3,4,0,1,4,0,1,0,0,0,6,0,0,59.0,5568,8,2006,1573,1573,1625,5,2006.0,2,495,2246,1625
0,1,0,1,1,0,3,5,2,1,3,3,1,0,3,1,0,0,0,0,8,1,0,60.0,8400,6,1940,388,940,1595,6,1940.0,1,240,2847,1595
0,1,0,2,1,0,4,5,6,1,3,4,0,1,4,1,0,0,0,0,8,0,1,80.0,9828,8,1995,584,1128,2020,8,1995.0,2,466,806,2020
0,1,0,3,0,0,4,5,1,1,3,4,0,1,4,1,0,0,0,1,7,0,1,75.0,9375,7,2003,0,912,2094,8,2003.0,2,615,530,2094
0,1,0,1,1,0,4,3,6,2,3,4,1,0,3,1,0,0,0,0,8,0,0,130.0,11457,6,1988,1005,1392,1412,6,1988.0,2,576,963,1412
0,1,0,1,0,1,3,5,3,1,3,3,1,0,4,1,0,0,0,0,6,1,0,51.0,6120,3,1930,347,728,1162,6,1930.0,1,258,2678,1162
0,1,0,2,0,0,3,4,1,1,2,3,0,0,3,1,0,0,0,0,6,1,0,55.0,8800,4,1910,0,576,1140,7,1910.0,0,0,171,1140
1,0,0,3,1,0,5,5,6,1,3,5,0,1,5,0,1,0,0,0,8,0,1,56.0,20431,9,2005,1410,1848,2728,10,2006.0,3,706,2401,2728
0,1,0,2,1,0,4,5,6,1,4,4,0,1,4,1,0,0,0,0,8,0,1,85.0,10560,7,1993,474,1079,1879,8,1993.0,2,473,805,1879
1,0,0,2,1,0,4,4,1,1,3,3,1,0,3,0,1,0,0,0,8,0,0,149.0,19958,6,1958,0,585,2279,7,1958.0,2,461,2259,2279
0,1,0,3,0,0,4,5,6,1,3,4,0,1,4,1,0,0,0,0,8,0,0,87.0,11084,7,2004,192,384,1374,8,2004.0,2,400,1748,1374
0,1,0,1,0,1,3,3,3,1,3,3,1,0,3,1,0,0,0,0,6,0,0,60.0,10266,6,1952,372,768,1536,7,1952.0,1,308,1361,1536
1,0,0,1,0,1,3,3,4,1,3,3,1,0,3,1,0,0,0,0,6,0,0,21.0,1890,6,1973,356,672,1218,7,1973.0,1,264,1677,1218
0,0,1,2,1,0,3,5,3,2,3,3,1,0,3,0,1,0,0,0,8,0,0,85.0,10452,6,1953,500,1094,1094,5,1953.0,2,495,1406,1094
0,1,0,2,0,0,4,5,1,1,4,5,0,1,4,1,0,0,0,0,8,0,1,168.0,23257,7,2006,0,868,2021,9,2006.0,2,422,2322,2021
1,0,0,1,1,0,3,3,1,1,3,3,1,0,3,1,0,1,0,0,8,0,1,76.0,7570,6,1964,0,780,1806,8,1964.0,2,483,688,1806
0,1,0,2,1,0,3,3,3,1,3,3,1,0,3,1,0,1,0,0,8,0,0,70.0,8400,5,1957,922,1314,1314,5,1957.0,1,294,143,1314
1,0,0,1,1,0,4,5,5,1,3,4,0,1,4,1,0,0,0,0,8,0,1,75.0,9317,7,1993,513,740,1775,7,1993.0,2,425,804,1775
1,0,0,2,1,0,3,3,6,4,3,3,1,0,3,1,0,1,0,0,8,0,0,82.0,9020,6,1964,624,1248,1350,6,1964.0,2,520,1214,1350
1,0,0,3,0,0,3,4,6,4,3,4,0,1,3,1,0,0,0,0,6,0,0,35.0,3675,6,2005,547,547,1072,5,2005.0,2,525,2828,1072
0,1,0,1,0,1,3,5,3,2,2,3,0,0,3,0,1,0,0,0,3,0,0,60.0,7200,6,1910,1046,1214,2291,9,1900.0,2,506,1999,2291
0,1,0,2,1,0,4,5,1,1,4,4,0,1,4,1,0,0,0,1,7,0,1,65.0,8125,7,2006,0,770,1576,6,2006.0,2,614,2467,1576
0,1,0,1,0,1,4,5,1,1,3,2,0,0,3,0,1,0,0,0,6,0,0,60.0,7200,7,1920,0,596,1762,8,1989.0,2,576,2665,1762
1,0,0,1,0,0,4,5,3,2,3,3,1,0,3,1,0,0,0,0,8,1,0,0.0,14100,8,1935,192,728,3447,11,1982.0,3,1014,1538,3447
0,1,0,1,0,1,3,3,5,1,3,3,1,0,3,1,0,1,0,0,8,0,0,60.0,7038,4,1970,726,864,864,5,2001.0,2,576,398,864
0,1,0,1,1,0,3,3,5,2,3,4,1,0,3,1,0,0,0,0,8,0,0,73.0,16133,5,1969,847,1176,1176,5,1969.0,1,360,2822,1176
1,0,0,3,1,0,4,5,6,3,3,4,0,1,4,1,0,0,0,0,6,0,0,36.0,4435,6,2003,659,848,848,3,2003.0,2,420,2157,848
0,1,0,1,1,0,4,5,5,4,3,4,0,1,3,1,0,0,0,0,8,0,0,0.0,16157,5,1978,680,1360,1432,5,1978.0,2,588,1856,1432
0,1,0,1,0,1,3,4,0,0,0,0,1,0,3,0,1,1,0,0,8,0,0,60.0,7200,5,1950,0,0,1048,7,1950.0,2,420,1269,1048
0,1,0,1,1,0,3,3,2,1,3,3,1,0,3,1,0,1,0,0,8,0,0,75.0,9000,5,1954,812,936,1128,5,1954.0,1,286,2570,1128
0,1,0,3,1,0,4,5,1,1,3,4,0,1,4,1,0,0,0,0,8,0,1,72.0,10463,8,2005,0,893,1801,8,2005.0,3,800,2320,1801
0,1,0,1,0,1,2,3,4,1,3,3,0,0,3,1,0,0,0,0,5,0,0,0.0,12155,6,1925,156,672,1482,7,1934.0,1,400,1517,1482
0,1,0,2,0,0,3,3,4,2,3,4,0,1,3,1,0,0,0,0,8,0,0,63.0,10712,5,1991,212,974,974,5,1991.0,0,0,2304,974
0,1,0,1,0,1,3,5,1,1,3,3,1,0,3,1,0,0,0,0,6,1,0,69.0,9143,5,1900,0,346,1017,5,1961.0,1,308,1312,1017
0,1,0,1,0,1,3,5,5,1,4,3,0,0,3,1,0,0,0,0,6,1,0,60.0,6000,6,1941,375,735,1218,6,2003.0,2,440,2012,1218
0,1,0,3,0,0,4,5,6,1,3,4,0,1,4,1,0,0,1,0,8,0,1,0.0,29959,7,1994,595,973,1850,7,1994.0,2,467,506,1850
0,1,0,1,0,1,3,3,3,1,3,4,0,0,3,1,0,0,0,0,8,0,0,80.0,16560,6,1932,503,952,2345,9,1932.0,2,360,2865,2345
1,0,0,1,0,1,3,3,4,1,2,3,1,0,3,1,0,0,0,0,6,0,0,21.0,1953,6,1973,309,483,987,5,1973.0,1,264,2367,987
0,1,0,1,0,1,3,3,1,1,2,2,0,0,3,1,0,0,0,0,5,0,0,60.0,9000,6,1928,0,784,784,5,1950.0,2,360,554,784
0,1,0,1,1,0,3,3,4,3,3,3,1,0,3,1,0,0,0,0,8,0,0,68.0,9571,5,1956,739,1144,1144,6,1956.0,1,596,238,1144
1,0,0,1,1,0,3,4,5,1,3,3,1,0,3,1,0,1,0,0,8,0,0,75.0,8700,5,1961,192,920,888,5,1961.0,1,240,1954,888
0,1,0,2,1,0,3,3,0,0,0,0,1,0,3,1,0,0,0,0,6,0,0,68.0,8927,6,1977,0,0,1654,10,1977.0,2,528,2488,1654
0,1,0,1,1,0,3,5,1,1,3,3,1,0,3,1,0,0,0,0,6,0,0,21.0,1890,4,1976,0,546,1092,6,1976.0,1,286,2291,1092
0,1,0,3,1,0,3,4,0,0,0,0,0,0,3,1,0,1,0,0,8,0,0,70.0,7000,5,1961,0,0,925,7,1961.0,1,300,1969,925
0,1,0,1,0,1,3,4,3,1,3,3,1,0,3,1,0,0,0,0,8,0,0,0.0,14175,5,1956,988,1188,1437,6,1999.0,2,576,2725,1437
1,0,0,2,1,0,4,5,6,3,3,4,0,1,4,1,0,0,0,0,6,0,0,0.0,4426,6,2004,697,848,848,3,2004.0,2,420,1482,848
1,0,0,2,1,0,4,5,1,3,3,4,0,1,4,1,0,0,0,0,8,0,1,78.0,9316,7,2005,0,784,1596,6,2005.0,2,610,2763,1596
1,0,0,3,1,0,4,5,6,1,3,4,0,1,4,1,0,0,1,0,8,0,1,79.0,9085,7,1995,816,1070,2061,7,1995.0,2,647,503,2061
1,0,0,3,1,0,4,5,6,3,3,5,0,1,4,0,1,0,0,0,8,0,0,82.0,11202,8,2003,1029,1432,1440,7,2003.0,2,467,1584,1440
0,1,0,1,1,0,3,3,1,1,3,3,0,0,3,0,1,0,0,0,8,0,0,0.0,9650,6,1923,0,784,1603,7,1980.0,2,599,1531,1603
1,0,0,1,1,0,3,3,3,1,3,4,1,0,3,1,0,0,0,0,5,0,0,82.0,7136,6,1946,484,979,1958,8,1946.0,2,492,2210,1958
1,0,0,3,1,0,5,5,6,1,3,5,0,1,5,0,1,0,0,0,8,0,0,44.0,7390,9,2008,800,1884,1884,6,2008.0,2,649,459,1884
1,0,0,1,0,1,3,3,4,1,3,3,1,0,3,1,0,0,0,0,8,0,0,71.0,7064,5,1977,560,980,980,6,1986.0,2,484,556,980
0,1,0,1,0,1,3,3,2,1,3,3,0,0,3,0,0,0,0,0,6,0,0,51.0,6120,5,1923,203,1100,1902,7,1960.0,2,576,1347,1902
0,1,0,1,0,1,3,3,1,1,3,2,1,0,3,1,0,0,0,0,6,0,0,60.0,4800,5,1940,0,672,672,4,1950.0,1,256,1290,672
0,1,0,2,0,0,3,3,6,1,3,3,1,0,3,1,0,0,0,0,8,0,0,0.0,9000,5,1959,288,1006,1006,5,1959.0,0,0,1388,1006
0,1,0,3,1,0,3,5,5,4,3,3,1,0,3,1,0,0,0,0,8,0,0,0.0,164660,5,1965,1249,1499,1786,7,1965.0,2,529,1571,1786
0,1,0,2,1,0,4,5,1,3,4,4,0,1,4,1,0,0,0,0,8,0,0,64.0,6762,7,2006,0,1286,1294,6,2006.0,2,662,2754,1294
0,1,0,1,0,1,3,3,6,4,4,4,0,1,3,1,0,0,0,0,8,0,0,0.0,10547,5,1978,1152,1152,1152,6,1960.0,1,252,765,1152
0,1,0,1,1,0,3,3,3,1,3,3,1,0,3,1,0,0,0,0,8,0,0,0.0,13052,5,1965,712,1024,1024,5,1965.0,1,308,2494,1024
1,0,0,3,1,0,3,4,6,1,3,4,1,0,3,1,0,0,0,0,8,0,1,78.0,15600,5,1950,760,1168,2315,9,1950.0,1,342,2870,2315
0,1,0,3,1,0,4,5,6,2,3,4,0,1,4,1,0,0,0,0,8,0,0,41.0,4920,8,2001,616,1338,1338,6,2001.0,2,582,7,1338
1,0,0,1,1,0,4,4,6,1,3,5,0,1,4,1,0,0,0,1,8,0,0,74.0,13253,7,2006,1096,1578,1578,7,2006.0,3,642,1114,1578
1,0,0,3,0,0,4,5,1,3,3,4,0,1,4,1,0,0,0,0,8,0,1,96.0,11631,8,2004,0,1052,2373,9,2004.0,3,632,2418,2373
0,1,0,2,0,0,3,3,0,0,0,0,0,0,3,0,0,0,0,0,5,0,0,60.0,7200,4,1967,0,0,2650,10,1967.0,0,0,291,2650
0,0,1,3,1,0,5,5,6,3,3,5,0,1,4,0,1,0,0,0,8,0,0,88.0,11394,9,2010,1445,1856,1856,8,2010.0,3,834,18,1856
0,0,1,3,1,0,5,5,6,3,3,5,0,1,5,0,1,0,0,0,8,0,0,83.0,10159,9,2009,1646,1930,1940,8,2010.0,3,606,39,1940
0,1,0,3,1,0,4,5,6,2,3,5,0,1,4,1,0,0,0,0,8,0,0,45.0,6264,8,1997,656,1664,1682,6,1997.0,2,528,1001,1682
1,0,0,3,0,0,4,5,1,1,3,4,0,1,4,1,0,0,0,0,8,0,1,66.0,8738,7,1999,0,975,2291,8,1999.0,2,429,2442,2291
0,0,0,1,0,1,4,3,2,1,3,3,1,0,3,1,0,0,0,0,8,1,0,0.0,7015,5,1950,185,709,1203,5,1950.0,1,352,616,1203
0,1,0,2,0,0,3,4,0,0,0,0,0,0,3,1,0,0,0,0,6,1,0,52.0,6240,4,1947,0,0,912,3,1947.0,0,0,2680,912
0,1,0,1,0,1,3,5,3,1,4,3,0,0,3,1,0,0,0,0,8,1,0,50.0,8405,5,1900,241,861,1367,7,1978.0,1,384,1414,1367
0,1,0,1,0,1,4,3,2,1,3,3,0,0,3,1,0,0,0,0,8,1,0,50.0,5000,5,1924,218,1026,1691,6,1924.0,1,308,289,1691
0,0,1,2,1,0,4,5,1,1,3,4,0,1,4,1,0,0,0,0,8,0,0,94.0,12883,8,2009,0,1544,1544,7,2009.0,3,868,40,1544
0,1,0,2,0,1,3,3,3,3,3,3,1,0,3,0,1,0,0,0,8,0,0,60.0,7200,5,1972,777,894,894,6,1985.0,2,600,860,894
0,1,0,2,1,0,3,3,2,1,3,4,1,0,3,1,0,0,0,0,8,0,0,0.0,4928,6,1976,958,958,958,5,1976.0,2,440,409,958
0,1,0,1,0,1,3,3,4,2,3,3,1,0,3,0,1,1,0,0,8,0,0,64.0,8712,5,1957,860,992,1306,5,1968.0,1,756,673,1306
1,0,0,3,1,0,4,5,6,4,3,4,0,1,4,1,0,0,0,0,8,0,0,43.0,3010,7,2005,16,1142,1142,6,2005.0,2,440,2427,1142
0,1,0,3,0,1,4,5,2,1,3,3,1,0,3,1,0,0,0,0,6,0,1,60.0,9780,7,1950,354,976,1952,8,1950.0,1,299,2036,1952
0,1,0,1,1,0,3,4,1,1,3,3,1,0,3,1,0,1,0,0,8,0,1,79.0,9462,5,1949,0,704,1728,7,1949.0,1,234,2564,1728
1,0,0,1,0,1,3,5,1,1,3,3,0,1,3,0,1,1,0,0,8,0,0,76.0,9482,5,1958,0,1866,1866,8,1958.0,2,495,642,1866
1,0,0,3,1,0,4,4,5,1,3,4,0,1,3,1,0,0,0,0,8,0,1,0.0,14067,6,1991,504,836,1709,7,1991.0,2,416,1008,1709
0,0,1,1,0,1,3,4,3,1,3,3,1,0,3,1,0,1,0,0,8,0,0,95.0,11345,5,1948,220,928,1920,10,1948.0,2,400,1908,1920
0,1,0,3,1,0,3,4,6,4,3,4,1,0,4,1,0,0,0,0,8,0,0,0.0,3760,8,1980,1009,1235,1235,4,1980.0,2,484,2519,1235
0,1,0,1,0,1,3,3,1,1,3,2,0,0,3,1,0,0,0,0,6,0,0,60.0,10320,5,1912,0,451,759,5,1997.0,2,576,1369,759
0,1,0,1,0,1,3,4,2,1,3,2,0,0,3,1,0,0,0,0,8,0,0,54.0,7588,7,1920,352,793,1802,9,1920.0,1,216,2855,1802
0,1,0,1,0,1,3,3,1,1,3,2,0,1,4,1,0,0,0,0,6,0,0,60.0,8520,5,1923,0,624,792,5,1963.0,1,287,712,792
0,1,0,2,0,0,3,4,1,1,3,2,1,0,4,1,0,0,0,0,8,1,0,60.0,14190,4,1890,0,925,1544,7,1890.0,0,0,1943,1544
1,0,0,1,0,1,3,3,4,1,2,3,1,0,3,1,0,1,0,0,8,0,0,60.0,11664,6,1948,336,1082,1082,5,1948.0,1,240,1958,1082
0,1,0,3,0,1,4,3,6,4,3,4,1,0,4,1,0,0,0,0,8,0,0,30.0,4420,8,1980,728,728,788,3,1980.0,2,484,107,788
0,1,0,2,1,0,4,3,5,2,3,3,0,1,3,1,0,0,0,0,8,0,0,61.0,33983,5,1977,1112,1160,1676,6,1977.0,2,672,2295,1676
0,1,0,2,0,0,3,4,1,1,3,2,0,0,3,1,0,0,0,0,6,1,0,56.0,10134,5,1910,0,801,1447,6,1910.0,0,0,704,1447
0,1,0,1,1,0,3,4,3,1,3,3,1,0,4,1,0,1,0,0,8,0,0,60.0,12144,5,1949,375,832,1268,6,1949.0,1,288,676,1036
1,0,0,2,1,0,4,5,6,1,3,4,0,1,3,1,0,0,0,0,8,0,1,70.0,8750,6,1998,505,804,1682,7,1998.0,2,523,259,1682
1,0,0,2,1,0,4,5,6,1,3,4,0,1,4,1,0,0,1,0,8,0,1,88.0,11134,8,1992,1129,1390,2225,7,1992.0,3,713,93,2225
0,1,0,2,1,0,4,5,6,1,3,4,0,1,4,1,0,0,0,1,7,0,1,68.0,7379,8,2000,484,975,1848,7,2000.0,2,592,106,1848
0,1,0,3,0,0,3,4,1,1,3,4,0,1,3,1,0,0,0,0,8,0,1,54.0,9783,6,1996,0,821,1776,7,1996.0,2,443,2315,1776
1,0,0,2,1,0,3,3,3,1,3,3,1,0,3,1,0,1,0,0,8,0,0,0.0,9477,5,1966,340,864,892,5,1966.0,1,264,1050,892
0,1,0,3,1,0,4,5,6,3,3,4,0,1,4,1,0,0,0,0,8,0,1,60.0,15384,7,2004,724,788,1490,8,2004.0,2,388,1095,1490
1,0,0,1,1,0,3,3,5,3,3,3,1,0,3,0,1,0,0,0,8,0,0,0.0,11327,5,1967,779,1064,1064,6,1967.0,2,528,2709,1064
0,0,1,2,0,0,3,3,3,1,2,3,0,0,3,1,0,0,0,0,6,0,0,41.0,5852,7,1902,169,1020,1864,9,1902.0,0,0,758,1864
0,1,0,3,1,0,3,3,5,3,3,3,1,0,3,0,1,0,0,0,8,0,1,72.0,7200,6,1976,288,684,1398,6,1976.0,2,440,1496,1398
1,0,0,1,0,1,3,4,4,1,3,3,1,0,3,1,0,0,0,0,6,0,0,21.0,1680,6,1972,317,672,1218,7,1972.0,1,264,2370,1218
0,0,1,2,1,0,4,5,6,2,3,5,0,1,4,0,1,0,0,1,8,0,0,85.0,10182,8,2006,1220,1660,1660,8,2006.0,2,500,2458,1660
0,1,0,2,1,0,3,5,3,1,3,3,1,0,3,1,0,0,0,0,8,0,0,75.0,9375,4,1954,799,967,1350,6,1954.0,2,504,2733,1350
1,0,0,3,0,0,4,5,1,1,3,4,1,0,4,0,0,1,0,0,8,0,0,96.0,11275,7,1967,0,710,2978,11,1961.0,2,564,161,2978
0,1,0,1,0,1,4,5,1,1,3,3,0,1,3,1,0,0,0,0,6,0,0,60.0,9720,6,1910,0,741,1521,8,1950.0,3,640,726,1521
0,1,0,3,1,0,4,5,6,3,3,4,0,1,4,1,0,0,0,0,8,0,0,68.0,9017,7,1999,560,1431,1431,6,1999.0,2,666,845,1431
0,1,0,3,0,0,4,5,5,1,3,4,0,1,4,1,0,0,0,0,8,0,1,75.0,10125,8,2000,445,1107,2052,7,2000.0,3,642,947,2052
0,1,0,2,0,0,2,3,1,1,3,3,1,0,3,1,0,0,0,0,6,1,0,85.0,8500,5,1919,0,793,1517,7,1919.0,0,0,2232,1517
0,1,0,1,1,0,2,3,4,1,3,3,1,0,3,1,0,1,0,0,8,1,0,79.0,9490,6,1941,403,806,1578,5,1941.0,1,240,2563,1578
0,0,0,1,1,0,3,3,4,1,3,3,1,0,3,0,0,0,0,0,8,0,0,124.0,27697,4,1961,811,1396,1608,6,1961.0,1,444,2299,1608
0,1,0,1,0,1,1,4,1,1,2,4,0,0,3,1,0,0,0,0,8,1,0,72.0,10632,5,1917,0,689,1224,6,1917.0,1,180,211,1224
1,0,0,1,0,1,3,3,1,1,3,3,1,0,3,1,0,1,0,0,8,0,0,85.0,11475,5,1958,0,1584,1776,9,1968.0,3,888,605,1776
0,1,0,2,1,0,4,5,1,3,3,5,0,1,4,1,0,0,0,0,8,0,0,85.0,11049,8,2007,0,1234,1234,7,2007.0,2,484,1478,1234
0,0,1,3,1,0,4,5,6,4,3,4,0,1,4,0,1,0,0,0,6,0,0,44.0,4750,8,2006,1573,1573,1625,5,2006.0,2,538,2247,1625
1,0,0,2,0,0,3,4,3,4,3,3,1,0,3,0,1,0,0,0,8,0,0,50.0,35133,5,1963,1159,1572,1572,5,1963.0,3,995,2274,1572
1,0,0,3,1,0,4,5,5,2,3,4,1,0,3,1,0,0,0,0,8,0,0,80.0,12984,5,1977,1283,1430,1647,7,1977.0,2,621,2869,1647
0,1,0,3,1,0,4,5,1,1,3,4,0,1,4,1,0,0,0,0,8,0,1,75.0,9157,7,2003,0,912,2014,9,2003.0,2,486,967,2014
0,1,0,1,1,0,3,5,5,1,3,3,1,0,3,1,0,0,0,0,6,0,0,49.0,5820,3,1955,256,1162,1163,6,1955.0,1,220,2656,1163
0,0,1,2,1,0,3,3,1,1,3,3,1,0,3,1,0,1,0,0,8,0,0,81.0,9671,6,1969,0,1248,2544,12,1969.0,3,907,667,2544
1,0,0,1,0,1,3,4,2,1,3,3,1,0,3,1,0,0,0,0,6,0,0,21.0,1890,6,1972,483,483,987,5,1975.0,1,352,1042,987
0,1,0,1,0,1,3,5,1,1,3,3,0,1,3,0,0,0,0,0,8,0,0,60.0,13515,6,1919,0,764,1824,8,1940.0,2,520,2023,1824
1,0,0,2,1,0,5,5,6,3,3,5,0,1,4,1,0,0,1,0,8,0,1,0.0,9233,9,2000,1182,1540,2855,9,2000.0,3,774,2447,2855
0,1,0,1,0,1,3,4,2,4,3,3,1,0,3,1,0,0,0,0,8,0,0,70.0,8400,6,1966,187,814,913,6,1990.0,1,240,2055,913
0,0,1,3,1,0,4,5,6,4,3,5,0,1,4,1,0,0,0,0,8,0,0,93.0,15306,8,2006,80,1732,1776,7,2006.0,3,712,2275,1776
0,1,0,1,0,1,4,4,1,1,3,3,0,0,4,1,0,0,0,0,8,1,0,55.0,7642,7,1918,0,912,1426,7,1925.0,1,216,2204,1426
0,0,1,3,1,0,4,5,6,4,3,5,0,1,4,0,1,0,0,0,6,0,0,44.0,3842,8,2004,1373,1594,1646,5,2004.0,2,482,1563,1646
0,0,1,2,1,0,4,5,6,1,3,4,0,1,4,1,0,0,0,0,8,0,0,34.0,5063,7,2007,904,1314,1314,6,2008.0,2,626,483,1314
1,0,0,3,1,0,4,3,6,2,3,4,1,0,4,1,0,0,0,0,8,0,0,42.0,4235,5,1984,552,1049,1049,5,1984.0,1,266,796,1049
0,1,0,1,1,0,3,5,1,1,3,4,0,0,3,1,0,0,0,0,8,0,0,63.0,15576,6,1915,0,840,1680,8,1960.0,1,308,1526,1680
0,1,0,1,0,1,3,3,1,1,3,3,1,0,2,0,1,0,0,0,6,0,0,60.0,10120,7,1910,0,925,1889,9,1960.0,1,308,2042,1889
0,1,0,3,1,0,5,5,6,1,3,5,0,1,5,0,1,0,0,0,8,0,0,102.0,13514,9,2008,1142,1774,1808,7,2008.0,3,850,442,1808
1,0,0,3,0,0,5,5,1,1,3,5,0,1,4,0,1,0,0,0,8,0,1,110.0,13440,8,2006,0,1108,2550,11,2006.0,3,670,1693,2550
0,1,0,1,1,0,4,5,6,1,3,4,0,1,4,1,0,0,0,0,8,0,1,70.0,8750,7,1994,642,915,1908,8,1994.0,2,493,1468,1908
0,1,0,1,1,0,3,5,2,4,4,4,1,0,3,0,0,0,0,0,8,0,0,0.0,11500,6,1966,262,1182,1643,6,1966.0,2,438,1430,1643
0,1,0,1,1,0,3,3,4,1,2,3,1,0,3,1,0,0,0,0,8,0,0,60.0,10800,5,1900,664,954,2414,10,1970.0,2,520,2605,2414
0,1,0,1,0,1,4,5,5,1,3,2,0,1,4,1,0,0,0,0,8,0,0,54.0,7609,8,1925,406,798,1512,7,1925.0,1,180,1529,1512
1,0,0,1,1,0,3,3,3,1,3,3,1,0,3,1,0,0,0,0,8,0,0,0.0,26142,5,1962,593,1188,1188,6,1962.0,1,312,335,1188
0,1,0,1,0,1,3,5,1,1,3,3,0,0,3,1,0,0,0,0,6,1,0,57.0,9184,5,1948,0,780,1323,6,1948.0,2,400,1287,1323
1,0,0,1,0,1,3,3,3,1,3,3,1,0,3,1,0,0,0,0,6,0,0,21.0,1680,5,1971,300,525,1092,6,1997.0,1,320,31,1092
0,0,1,3,1,0,5,5,6,1,3,5,0,1,5,0,1,0,0,1,8,0,0,79.0,9416,7,2007,1126,1726,1726,8,2007.0,3,786,1785,1726
1,0,0,1,1,0,3,3,1,1,3,4,1,0,3,1,0,0,0,0,8,0,1,70.0,8400,6,1980,0,650,1564,7,1980.0,2,476,82,1564
0,1,0,1,0,1,4,4,3,1,3,3,1,0,3,1,0,1,0,0,8,1,0,60.0,12144,4,1950,455,910,1521,6,1950.0,1,597,2620,1521
0,1,0,2,1,0,4,5,1,1,3,4,0,1,3,1,0,0,0,0,8,0,0,94.0,10402,7,2009,0,1226,1226,6,2009.0,3,740,252,1226
0,1,0,2,0,0,3,5,1,1,3,3,0,0,3,1,0,0,0,0,3,0,0,0.0,3300,4,1910,0,624,816,5,1910.0,0,0,721,816
0,1,0,3,1,0,4,5,1,1,3,4,0,1,4,1,0,0,0,0,8,0,0,64.0,8334,6,2006,0,1330,1330,6,2006.0,2,437,2165,1330
0,1,0,3,1,0,3,4,6,3,3,4,0,1,3,1,0,0,0,0,8,0,1,70.0,11207,6,1997,714,802,1511,8,1997.0,2,413,2316,1511
0,1,0,1,0,1,3,3,6,3,3,4,1,0,3,0,1,0,0,0,8,0,0,0.0,7252,5,1982,685,858,858,5,1983.0,2,576,775,858
0,1,0,2,0,1,3,3,1,1,3,3,1,0,2,1,0,0,0,0,3,0,0,120.0,18000,3,1935,0,894,894,6,1994.0,3,1248,1558,894
0,1,0,2,0,0,3,4,6,3,3,4,0,0,4,1,0,0,0,0,8,1,0,152.0,12134,8,1988,427,559,1752,8,1988.0,2,492,17,1752
1,0,0,3,1,0,4,3,5,1,2,4,1,0,4,0,1,0,0,0,8,0,0,85.0,14450,7,1979,864,1782,1782,6,1979.0,2,551,1022,1782
0,1,0,1,0,1,3,5,1,1,3,3,0,0,3,1,0,0,0,0,8,1,0,54.0,7681,5,1921,0,731,1343,7,1921.0,1,186,925,1343
0,0,1,2,1,0,4,5,1,3,3,5,0,1,4,1,0,0,0,0,8,0,0,87.0,11146,8,2006,0,1709,1717,7,2006.0,3,908,438,1717
0,1,0,1,0,0,3,4,5,1,3,3,1,0,3,0,1,1,0,0,8,0,0,70.0,7910,5,1960,666,1075,1507,7,1960.0,1,404,1270,1507
0,1,0,1,1,0,3,3,4,1,3,3,1,0,3,1,0,1,0,0,8,0,0,80.0,8000,5,1962,520,1027,1027,6,1962.0,1,299,1272,1027
0,1,0,1,0,1,3,4,2,2,3,3,0,0,3,1,0,0,0,0,5,0,0,60.0,6048,5,1910,736,856,1680,7,1910.0,2,450,215,1680
1,0,0,2,1,0,4,5,6,1,3,4,0,1,4,1,0,0,0,0,8,0,1,44.0,9548,7,2003,483,941,1829,7,2003.0,2,613,266,1829
1,0,0,3,0,0,5,5,6,3,3,4,0,1,4,1,0,0,0,0,8,0,1,74.0,10927,8,2005,546,1058,1904,8,2003.0,2,736,2402,1904
0,1,0,1,0,1,3,3,5,2,3,3,1,0,3,1,0,1,0,0,8,0,0,60.0,7350,5,1951,852,952,952,4,1988.0,2,840,1250,952
0,0,0,1,0,1,3,3,3,1,3,2,0,0,3,0,1,0,0,0,6,0,0,50.0,5925,4,1937,168,907,1131,7,1995.0,2,672,1984,1131
0,1,0,1,0,1,3,4,6,2,3,3,1,0,3,1,0,1,0,0,8,1,0,60.0,7200,5,1955,370,768,1588,6,1955.0,2,480,1279,1588
1,0,0,2,0,0,4,3,5,1,3,4,1,0,3,1,0,0,0,0,8,0,1,0.0,12388,7,1980,602,1043,2673,9,1980.0,2,441,377,2673
0,1,0,3,1,0,3,4,0,0,0,0,0,0,3,1,0,1,0,0,8,0,0,71.0,8838,5,1957,0,0,1764,7,1957.0,1,301,1252,1764
1,0,0,2,1,0,4,5,6,1,3,4,0,1,4,1,0,0,0,0,8,0,1,80.0,10000,8,1995,1079,1220,2090,8,1995.0,2,556,2156,2090
1,0,0,3,1,0,4,5,6,1,3,4,0,1,4,0,1,0,1,0,8,0,1,98.0,12203,8,1998,854,1225,2612,8,1998.0,3,676,499,2612
0,1,0,1,1,0,3,3,1,1,3,3,1,0,3,1,0,0,0,0,8,1,0,115.0,21286,5,1948,0,720,1271,7,1948.0,1,312,1374,1271
0,1,0,3,1,0,3,5,2,1,3,4,0,0,3,1,0,0,0,0,8,0,1,0.0,11170,7,1990,1216,1216,2514,8,1990.0,2,693,2898,2514
0,1,0,1,0,1,3,4,5,1,3,3,1,0,3,1,0,1,0,0,8,0,0,70.0,10500,4,1971,524,864,864,4,1989.0,2,576,401,864
0,0,0,2,1,0,3,5,3,1,3,3,1,0,3,1,0,0,0,0,8,0,0,88.0,13125,5,1957,168,1134,1803,8,1957.0,2,484,2721,1803
0,0,1,3,1,0,4,5,2,1,2,4,1,0,3,0,1,0,0,0,8,0,0,102.0,12671,6,1954,353,1288,2422,6,1954.0,2,527,2078,2422
0,1,0,3,1,0,3,4,3,1,3,3,1,0,3,1,0,1,0,0,8,0,0,80.0,13600,5,1955,144,1056,1056,6,1955.0,1,300,2589,1056
0,1,0,1,0,0,4,4,1,1,2,3,0,0,3,1,0,1,0,0,8,0,0,113.0,21281,5,1935,0,666,3086,9,2007.0,3,1200,1946,3086
0,1,0,1,0,1,3,5,1,1,3,3,0,0,3,1,0,0,0,0,6,0,0,59.0,5870,6,1900,0,554,1290,6,1926.0,1,200,1334,1290
1,0,0,2,1,0,4,5,1,1,3,4,0,1,4,1,0,0,0,0,8,0,0,118.0,13704,7,2001,0,1541,1541,6,2001.0,3,843,2781,1541
1,0,0,3,1,0,5,5,6,1,3,5,1,0,5,0,1,0,0,0,8,0,0,94.0,12220,10,2009,1436,2006,2020,9,2009.0,3,900,431,2020
0,1,0,3,1,0,4,3,6,4,3,4,1,0,4,1,0,0,0,0,8,0,0,61.0,3782,8,1981,960,1226,1226,4,1981.0,2,484,576,1226
1,0,0,2,1,0,4,5,6,1,3,4,0,1,4,1,0,0,0,0,8,0,1,65.0,8450,7,2003,706,856,1710,8,2003.0,2,548,1474,1710
0,0,1,1,1,0,3,3,3,3,3,3,1,0,3,1,0,0,0,0,8,0,0,0.0,8750,7,1975,224,852,918,4,1975.0,1,360,2254,918
0,0,1,3,1,0,4,5,6,3,3,4,0,1,4,0,1,0,0,0,8,0,0,90.0,11248,9,2002,1059,1626,1668,7,2002.0,3,702,2155,1668
0,1,0,3,0,1,4,5,0,0,0,0,1,0,3,1,0,0,0,0,8,0,0,67.0,8777,4,1949,0,0,1126,5,2002.0,2,520,885,1126
1,0,0,1,1,0,3,4,5,1,3,3,1,0,3,0,1,1,0,0,8,0,0,53.0,8128,6,1954,490,1062,1062,6,1954.0,1,297,643,1062
0,1,0,1,0,1,4,3,5,1,3,3,1,0,3,1,0,1,0,0,8,0,0,60.0,9600,5,1949,220,845,893,4,1985.0,2,576,1944,893
0,1,0,3,1,0,4,5,1,2,3,4,0,1,4,1,0,0,0,0,8,0,1,61.0,10125,7,2004,0,846,1594,7,2004.0,2,434,480,1594
0,1,0,1,0,1,4,3,1,1,3,3,0,0,3,1,0,0,0,0,8,1,0,76.0,11388,4,1910,0,616,1273,5,1910.0,1,275,2845,1273
1,0,0,2,0,0,4,5,1,3,3,5,0,1,4,1,0,0,0,0,8,0,1,101.0,14215,8,2005,0,1158,2376,9,2005.0,3,853,2387,2376
0,0,1,2,1,0,4,5,1,1,3,4,0,1,4,1,0,0,0,0,8,0,0,40.0,6792,7,2005,0,1368,1368,6,2005.0,2,474,2407,1368
1,0,0,2,1,0,3,4,5,1,3,3,1,0,3,1,0,0,0,0,8,0,1,90.0,11700,6,1968,404,708,1416,7,1968.0,2,776,2527,1416
0,1,0,2,1,0,4,5,1,1,3,4,0,1,4,1,0,0,0,1,7,0,0,0.0,4447,7,2003,0,530,1080,4,2003.0,2,496,2514,1080
1,0,0,2,1,0,3,4,1,1,2,2,1,0,3,0,1,1,0,0,8,0,0,120.0,13560,6,1968,0,1392,1392,5,1968.0,2,576,629,1392
0,1,0,2,1,0,4,5,4,1,3,4,0,1,4,1,0,0,0,0,8,0,1,0.0,9453,7,1993,402,996,1744,7,1993.0,2,457,80,1744
1,0,0,2,1,0,3,3,4,1,3,3,1,0,3,1,0,1,0,0,8,0,0,0.0,10355,5,1967,695,1214,1214,5,1967.0,1,318,1876,1214
0,1,0,1,0,1,3,4,1,1,3,2,1,0,3,1,0,0,0,0,6,1,0,60.0,6000,6,1940,0,720,1090,5,1940.0,1,240,1546,1090
0,1,0,2,1,0,3,3,5,1,3,4,1,0,4,1,0,0,0,0,8,0,0,0.0,11250,6,1977,767,1208,1208,6,1977.0,2,546,2518,1208
1,0,0,2,1,0,3,3,6,3,3,4,1,0,3,1,0,0,0,0,8,0,0,0.0,10464,6,1980,850,988,1102,5,1980.0,2,582,2347,1102
0,1,0,1,1,0,5,5,6,4,3,3,1,0,3,0,0,0,0,0,8,0,0,65.0,25095,5,1968,1324,1437,1473,5,1968.0,1,452,783,1473
0,1,0,1,0,1,3,3,1,1,2,2,0,0,2,1,0,0,0,0,6,0,0,60.0,11340,2,1920,0,723,1086,5,1920.0,2,400,1322,1086
0,1,0,1,0,1,4,3,3,1,3,3,0,0,3,1,0,0,0,0,6,0,0,50.0,5000,4,1925,188,765,765,4,1926.0,1,200,194,765
1,0,0,3,1,0,4,5,6,1,3,4,0,1,4,1,0,0,1,0,8,0,1,95.0,11787,7,1996,719,1379,2398,8,1996.0,3,834,1770,2398
0,1,0,3,0,1,5,4,5,1,3,3,1,0,3,1,0,0,0,0,8,0,0,60.0,7200,5,1972,671,864,864,5,1977.0,2,576,2143,864
0,0,1,1,1,0,4,3,5,4,3,3,1,0,3,1,0,1,0,0,8,0,1,0.0,13700,7,1965,454,864,1820,8,1965.0,2,492,1229,1820
0,0,1,2,1,0,4,5,6,3,3,4,0,1,4,1,0,0,0,1,8,0,0,85.0,10130,8,2007,1294,1702,1702,7,2007.0,3,844,511,1702
0,0,1,2,1,0,4,5,6,2,3,4,0,1,4,1,0,0,0,0,8,0,0,44.0,6371,7,2009,733,1358,1358,6,2010.0,2,484,46,1358
0,1,0,1,0,1,3,4,1,1,3,3,0,0,3,1,0,0,0,0,6,1,0,51.0,6120,7,1931,0,952,1774,8,1931.0,2,468,1348,1774
0,1,0,2,1,0,4,5,1,1,3,4,0,1,4,1,0,0,0,1,7,0,1,65.0,8125,7,2005,0,756,1553,6,2005.0,2,615,2465,1553
0,1,0,2,1,0,4,5,6,1,3,4,0,1,4,1,0,0,0,1,7,0,1,0.0,8470,8,2002,225,972,1811,7,2002.0,2,565,387,1811
1,0,0,1,1,0,4,5,6,3,3,4,0,1,4,1,0,0,0,0,8,0,0,70.0,8750,7,1997,1111,1417,1417,7,1997.0,2,511,873,1417
0,0,0,1,0,1,2,5,6,1,3,3,1,0,3,1,0,1,0,0,8,0,0,65.0,6860,5,1956,908,1008,1008,6,1964.0,1,308,1918,1008
0,1,0,3,1,0,4,5,6,2,3,4,0,1,4,1,0,0,0,0,8,0,1,80.0,10041,8,1992,789,908,1915,8,1992.0,2,506,2764,1915
0,1,0,1,0,1,2,5,3,3,3,3,1,0,3,1,0,0,0,0,8,0,0,64.0,6400,5,1959,77,960,960,4,1959.0,1,392,2184,960
0,1,0,3,1,0,4,3,5,2,3,4,1,0,3,1,0,0,0,0,6,0,0,24.0,1488,6,1980,471,561,1229,5,1980.0,2,462,934,1229
0,1,0,2,1,0,3,2,3,1,3,3,1,0,3,1,0,1,0,0,8,0,0,70.0,8176,5,1958,846,1056,1056,6,1958.0,1,308,1920,1056
1,0,0,2,1,0,3,3,4,1,3,3,1,0,3,1,0,1,0,0,8,0,1,69.0,7590,6,1966,512,660,1348,6,1966.0,2,453,2631,1348
1,0,0,3,1,0,5,5,6,4,3,5,0,1,5,1,0,0,1,0,8,0,1,104.0,21535,10,1994,1455,2444,4316,10,1994.0,3,832,1768,4316
0,1,0,1,0,1,3,5,2,1,3,3,1,0,3,1,0,0,0,0,6,0,0,40.0,4800,4,1916,197,1196,1196,5,1957.0,2,440,2040,1196
0,1,0,3,0,0,4,5,1,3,3,4,0,1,4,1,0,0,0,0,8,0,1,59.0,11796,7,2004,0,847,1959,8,2004.0,2,434,1749,1959
0,1,0,1,1,0,4,4,6,3,3,4,0,1,4,1,0,0,0,0,8,0,1,0.0,16698,7,1992,800,1449,1759,7,1992.0,2,525,834,1759
1,0,0,2,1,0,4,5,1,1,3,4,0,1,4,1,0,0,0,0,8,0,1,0.0,10400,7,2001,0,1257,2161,8,2001.0,2,570,1457,2161
0,1,0,1,1,0,3,3,5,1,3,4,1,0,3,1,0,0,0,0,8,0,0,50.0,7175,6,1984,623,744,752,4,1984.0,1,264,79,752
0,1,0,1,1,0,3,3,5,4,3,3,1,0,3,1,0,0,0,0,8,0,0,76.0,8314,5,1982,546,816,816,5,1982.0,1,264,2302,816
0,1,0,2,1,0,4,4,5,3,3,4,1,0,3,1,0,0,0,0,8,0,0,0.0,9180,5,1983,747,840,884,5,1983.0,2,504,1817,884
1,0,0,2,1,0,4,5,6,3,3,4,0,1,4,1,0,0,0,0,8,0,0,86.0,11210,7,2005,20,1614,1614,7,2005.0,3,865,2755,1614
0,1,0,3,1,0,4,4,6,1,3,4,0,1,3,1,0,0,0,0,8,0,1,0.0,8803,6,1994,600,707,1516,7,1994.0,2,409,359,1516
1,0,0,2,1,0,3,3,3,2,3,3,1,0,3,1,0,0,0,0,8,0,0,86.0,8665,5,1968,168,876,897,5,1968.0,1,264,2059,897
1,0,0,2,1,0,4,4,5,1,3,4,1,0,4,1,0,0,0,0,8,0,1,116.0,13474,7,1990,700,700,2243,8,1990.0,3,746,2092,2243
0,1,0,2,1,0,4,5,1,1,3,4,0,1,4,1,0,0,0,1,7,0,0,60.0,7180,8,2001,0,1568,1568,6,2001.0,2,564,2516,1568
0,1,0,1,0,1,2,3,4,1,3,3,1,0,3,1,0,1,0,0,8,0,0,60.0,10950,5,1952,339,864,1064,4,1952.0,1,318,150,1064
1,0,0,3,1,0,3,5,3,1,3,3,1,0,3,0,0,0,0,0,8,0,1,80.0,10793,5,1969,493,780,1620,7,1969.0,2,462,1656,1620
0,1,0,1,0,1,3,3,1,1,3,3,0,0,3,1,0,0,0,0,5,0,0,70.0,9800,5,1920,0,816,1012,5,1920.0,1,429,83,1012
0,1,0,3,1,0,4,5,6,1,3,4,0,1,4,1,0,0,0,0,8,0,0,65.0,10237,6,2005,28,1316,1316,6,2005.0,2,397,2411,1316
0,1,0,1,0,1,3,5,0,0,0,0,0,0,3,1,0,0,0,0,8,0,0,0.0,11500,4,1957,0,0,845,5,1957.0,1,290,795,845
1,0,0,3,0,0,4,4,1,1,3,4,0,1,3,1,0,0,0,0,8,0,1,0.0,13006,7,1997,0,964,2236,8,1997.0,2,642,2312,2236
0,1,0,2,0,0,5,5,6,3,3,4,1,0,3,1,0,0,0,0,6,0,0,21.0,1533,5,1970,553,630,630,3,1970.0,0,0,2917,630
0,1,0,3,1,0,4,4,3,1,3,4,0,1,4,1,0,0,0,0,8,0,1,63.0,7875,7,1996,414,691,1553,6,1996.0,2,420,1624,1553
0,1,0,1,0,0,3,3,4,2,3,4,0,1,3,1,0,0,0,0,8,0,0,78.0,12168,8,1934,428,965,3194,10,1934.0,2,380,2215,3194
0,1,0,2,1,0,3,3,3,1,3,3,1,0,3,1,0,1,0,0,8,0,0,80.0,9200,6,1965,892,1136,1136,5,1965.0,1,384,1211,1136
1,0,0,3,1,0,4,5,6,4,3,4,0,1,4,1,0,0,0,0,6,0,0,0.0,4438,6,2004,662,848,848,4,2004.0,2,420,1485,848
1,0,0,3,1,0,4,3,5,1,3,4,0,1,3,0,1,0,0,0,8,0,0,90.0,13068,6,1976,890,1211,1211,6,1976.0,2,461,1024,1211
0,0,1,3,1,0,4,5,6,1,3,4,0,1,4,1,0,0,0,1,7,0,0,0.0,4217,6,2008,962,1145,1256,5,2008.0,2,641,570,1256
0,1,0,3,0,1,3,5,5,1,3,3,0,1,3,0,1,0,0,0,6,1,0,50.0,7000,6,1926,374,861,1285,6,1950.0,2,506,2874,1285
0,1,0,2,1,0,3,3,1,1,3,3,0,0,3,1,0,0,0,0,6,0,0,60.0,6600,5,1892,0,994,2372,11,1985.0,1,432,700,2372
0,1,0,2,1,0,4,5,1,2,3,4,0,1,4,1,0,0,0,0,8,0,0,73.0,8990,7,2006,0,1498,1498,5,2006.0,2,675,2756,1498
0,1,0,1,0,1,3,5,1,1,3,3,1,0,3,1,0,0,0,0,6,0,0,47.0,7755,6,1918,0,1100,2264,8,1950.0,1,408,2022,2264
0,0,1,2,1,0,3,5,5,2,3,4,1,0,3,1,0,0,0,0,8,0,1,0.0,10382,7,1973,859,1107,2090,7,1973.0,2,484,583,2090
0,0,1,3,0,0,5,5,6,1,3,5,0,1,5,0,1,0,0,0,8,0,1,85.0,11924,9,2005,998,1175,2324,11,2005.0,3,736,2392,2324
1,0,0,3,1,0,4,5,1,1,3,4,0,1,4,0,1,0,0,0,6,0,0,0.0,3072,7,2004,0,1375,1414,6,2004.0,2,398,2424,1414
0,1,0,2,0,0,3,3,3,1,3,3,0,0,2,1,0,0,0,0,8,0,0,60.0,9900,5,1915,1026,1212,1392,6,1915.0,0,0,212,1392
0,1,0,1,0,1,3,5,1,1,3,3,0,0,3,1,0,0,0,0,6,1,0,50.0,6000,5,1925,0,884,1348,5,1960.0,1,216,736,1348
1,0,0,2,1,0,3,5,5,3,3,3,1,0,3,1,0,0,0,0,8,0,1,0.0,11075,5,1969,562,784,1968,7,1969.0,2,530,1610,1968
0,1,0,3,0,0,3,3,6,1,3,3,1,0,3,1,0,0,0,0,8,0,0,80.0,10682,4,1960,399,1014,1149,7,1968.0,1,544,890,1149
0,1,0,3,1,0,4,5,1,1,3,4,0,1,4,1,0,0,0,0,8,0,1,149.0,12589,6,2005,0,742,1484,8,2005.0,2,390,467,1484
1,0,0,1,1,0,3,5,1,1,3,3,1,0,4,1,0,0,0,0,8,0,0,80.0,9600,8,1976,0,392,2499,5,1976.0,2,527,578,2499
0,1,0,3,1,0,4,5,6,4,3,4,0,1,4,1,0,0,0,0,8,0,0,65.0,16219,7,2004,779,835,1119,5,2004.0,2,437,1747,1119
0,1,0,2,1,0,4,5,6,1,3,4,0,1,4,1,0,0,0,0,8,0,0,55.0,7892,6,1993,300,1199,1199,5,1993.0,2,530,1149,1199
0,1,0,2,1,0,4,4,6,1,3,4,0,1,4,0,1,0,0,0,8,0,0,90.0,13377,6,2006,1576,1836,1846,7,2006.0,2,495,2758,1846
1,0,0,1,1,0,3,5,5,1,3,3,1,0,4,1,0,0,0,0,8,0,0,0.0,7000,5,1978,646,864,864,6,1978.0,1,336,857,864
0,1,0,1,0,1,4,3,3,1,4,4,1,0,4,0,1,0,0,0,8,0,0,70.0,10570,8,1932,297,853,2727,10,1932.0,2,440,2219,2727
0,1,0,1,0,1,2,2,1,1,3,3,0,0,3,1,0,0,0,0,8,0,0,0.0,8854,6,1916,0,952,952,4,1916.0,1,192,733,952
0,1,0,2,0,0,3,3,1,2,3,4,0,1,3,1,0,0,0,0,6,0,0,41.0,2665,5,1977,0,264,1304,5,1977.0,1,336,2909,1304
0,1,0,2,1,0,4,5,1,3,3,4,0,1,4,1,0,0,0,1,7,0,1,75.0,9000,8,2006,0,1088,1959,8,2006.0,3,1025,1798,1959
0,1,0,2,1,0,2,3,4,2,3,3,1,0,3,1,0,0,0,0,8,1,0,124.0,18600,3,1938,288,972,1610,8,1938.0,1,480,235,1610
1,0,0,1,1,0,4,4,2,1,3,3,1,0,3,1,0,0,0,0,6,0,0,24.0,2160,5,1973,402,765,1365,7,1973.0,2,440,2366,1365
0,1,0,1,0,1,3,4,4,1,2,3,1,0,3,1,0,0,0,0,8,0,1,75.0,9743,5,1969,280,720,1308,7,1969.0,2,484,1027,1308
0,1,0,1,0,1,3,5,5,1,3,3,1,0,4,0,1,1,0,0,8,0,0,65.0,8125,5,1965,260,912,925,5,1978.0,2,576,1195,925
0,1,0,1,0,1,3,3,1,1,3,3,0,0,3,1,0,0,0,0,6,0,0,62.0,7311,2,1946,0,407,407,3,1949.0,1,297,1303,407
0,0,1,1,1,0,3,5,3,1,3,3,1,0,3,1,0,1,0,0,8,0,0,80.0,10032,6,1959,734,1244,1580,6,1956.0,2,440,148,1580
0,0,1,1,0,1,3,3,2,1,3,3,1,0,3,1,0,1,0,0,8,0,0,115.0,10500,5,1964,998,1292,1292,6,1964.0,2,520,608,1292
0,1,0,1,0,0,4,5,1,1,3,4,0,1,4,0,1,0,0,1,7,0,1,114.0,8314,7,1997,0,569,1694,6,1997.0,1,434,2515,1694
0,0,1,2,1,0,5,5,1,4,3,5,0,1,4,1,0,0,0,0,8,0,0,61.0,10226,8,2008,0,1622,1630,8,2008.0,3,860,821,1630
1,0,0,1,1,0,4,5,1,1,3,4,1,0,4,0,1,0,1,0,8,0,1,121.0,16059,8,1991,0,1288,2417,9,1991.0,2,462,2500,2417
0,1,0,1,0,1,3,4,1,1,3,3,0,0,3,1,0,0,0,0,6,0,0,51.0,6120,5,1925,0,960,995,5,1926.0,1,264,745,995
0,1,0,1,0,1,3,3,1,1,3,3,0,0,3,1,0,0,0,0,6,1,0,51.0,6120,5,1936,0,927,1539,5,1995.0,2,576,741,1539
0,1,0,1,0,1,3,5,1,1,3,3,0,0,3,0,1,0,0,0,2,0,0,0.0,56600,5,1900,0,686,1836,7,1900.0,1,288,1611,1836
0,1,0,3,1,0,3,4,5,3,3,3,0,1,3,1,0,1,0,0,8,0,0,75.0,9750,5,1967,400,980,980,6,1967.0,1,384,2532,980
1,0,0,3,1,0,4,5,6,4,3,4,0,1,4,1,0,0,0,0,8,0,0,0.0,3940,7,2003,1073,1415,1455,6,2003.0,3,644,1081,1455
1,0,0,2,1,0,5,5,6,4,3,5,0,1,5,0,1,0,0,0,8,0,1,107.0,13641,9,2007,1304,1934,2656,8,2007.0,3,1040,1692,2656
0,1,0,3,0,1,4,3,6,4,3,4,1,0,4,1,0,0,0,0,8,0,0,36.0,3640,8,1980,860,1036,1036,4,1980.0,2,484,2520,1036
0,1,0,2,0,0,3,3,0,0,0,0,1,0,3,0,1,0,0,0,8,0,0,75.0,9825,5,1965,0,0,1664,8,1965.0,0,0,276,1664
0,1,0,1,0,1,4,4,1,2,3,3,0,1,3,0,0,0,0,0,6,1,0,60.0,9600,5,1925,0,702,1472,6,1925.0,1,250,1992,1472
0,1,0,2,0,0,4,4,1,1,3,2,0,1,2,1,0,0,0,0,8,0,0,90.0,5400,2,1940,0,416,599,4,1940.0,0,0,663,599
0,1,0,1,1,0,3,3,5,1,3,3,1,0,3,1,0,0,0,0,8,0,0,24.0,2104,7,1976,536,836,836,5,1976.0,1,345,418,836
0,1,0,1,0,0,4,5,1,1,3,4,0,1,4,1,0,0,0,0,8,0,1,63.0,9729,6,2006,0,698,1746,6,2007.0,3,350,1733,1746
1,0,0,1,1,0,3,3,5,1,3,3,1,0,3,1,0,0,0,0,8,0,0,80.0,10000,6,1974,755,1103,1103,6,1974.0,2,462,2359,1103
0,0,1,2,1,0,4,5,6,1,3,4,0,1,4,1,0,0,0,0,8,0,0,64.0,7360,7,2010,24,1222,1222,6,2009.0,2,615,253,1222
0,1,0,1,0,1,4,5,2,1,3,3,0,1,3,1,0,0,0,0,8,0,0,60.0,8400,5,1939,378,720,2192,8,1939.0,1,240,1518,1772
0,1,0,1,0,1,4,3,1,1,3,3,0,1,3,1,0,0,0,0,6,1,0,50.0,9000,6,1937,0,780,1375,6,1979.0,1,544,2035,1375
0,1,0,2,0,0,3,3,1,1,3,3,1,0,3,1,0,0,0,0,6,0,0,21.0,1526,4,1970,0,546,1092,5,1970.0,0,0,2919,1092
0,1,0,3,1,0,4,5,6,1,4,3,1,0,3,1,0,0,0,0,8,1,0,70.0,12392,7,1950,435,832,2161,8,1994.0,2,506,1540,2161
0,1,0,1,0,1,3,4,5,1,3,4,0,1,3,1,0,0,0,0,8,0,0,0.0,14217,5,1994,550,1022,1022,6,1995.0,2,747,2120,1022
0,1,0,3,1,0,4,5,1,2,3,4,0,1,4,1,0,1,0,0,5,0,0,33.0,4113,6,2001,0,1337,1337,5,2001.0,2,511,1674,1337
1,0,0,1,1,0,3,4,6,3,3,3,1,0,3,1,0,0,0,0,8,0,0,80.0,8816,6,1971,504,1010,1052,6,1971.0,2,440,256,1052
0,1,0,1,1,0,3,4,1,1,3,3,1,0,3,1,0,1,0,0,8,0,0,71.0,9353,4,1970,0,864,864,5,1972.0,1,280,2361,864
0,1,0,1,1,0,3,3,6,3,3,4,1,0,3,1,0,0,0,0,6,0,0,21.0,1477,4,1970,509,630,630,3,1970.0,1,286,978,630
1,0,0,3,1,0,3,5,3,3,3,5,0,1,3,1,0,0,0,0,6,0,0,62.0,6710,6,1996,16,920,936,3,1996.0,2,460,2280,936
1,0,0,3,1,0,4,4,6,3,3,4,1,0,4,1,0,0,0,0,8,0,1,82.0,11287,7,1989,421,807,1982,7,1989.0,2,575,2095,1982
1,0,0,3,0,0,4,5,6,3,3,5,0,1,4,1,0,0,0,0,8,0,1,99.0,12099,8,2004,970,1136,2468,10,2004.0,3,872,1709,2468
0,1,0,2,0,1,4,5,6,3,3,4,0,1,3,1,0,0,0,0,8,0,1,75.0,9750,7,1998,975,1108,2097,8,1998.0,2,583,2801,2097
0,0,1,1,1,0,4,5,3,1,3,3,1,0,3,1,0,1,0,0,8,0,0,60.0,11556,5,1952,148,720,882,4,1952.0,1,240,1246,882
1,0,0,1,1,0,3,3,1,1,3,3,1,0,3,1,0,0,0,0,6,0,0,21.0,1680,6,1972,0,483,987,5,1972.0,1,288,2373,987
0,0,1,3,1,0,4,5,6,1,3,5,0,1,4,0,1,0,0,0,8,0,0,98.0,12704,8,2007,1012,1582,1582,7,2007.0,3,905,1055,1582
0,1,0,1,0,1,4,4,5,1,3,3,0,0,3,1,0,0,0,0,6,1,0,51.0,6120,5,1926,351,756,1281,6,1926.0,2,379,2017,1281
1,0,0,3,1,0,4,5,1,1,3,4,0,1,4,0,1,0,1,0,8,0,0,84.0,9660,8,1997,0,1173,2199,9,1997.0,2,516,1099,2199
0,1,0,1,1,0,3,4,0,0,0,0,1,0,3,1,0,0,0,0,6,0,0,0.0,6120,5,1945,0,0,808,6,1925.0,1,164,1344,808
0,1,0,3,1,0,3,3,2,4,4,3,0,1,3,0,0,0,0,0,8,0,1,0.0,28698,5,1967,249,1013,2126,7,1967.0,2,538,835,2126
0,0,1,2,1,0,5,5,1,1,3,4,0,1,4,1,0,0,0,1,8,0,0,91.0,12274,7,2008,0,1417,1428,6,2008.0,2,554,1117,1428
0,1,0,2,0,0,3,5,2,1,3,3,0,0,3,1,0,0,0,0,6,0,0,55.0,4388,5,1930,116,672,840,5,1930.0,0,0,2043,840
1,0,0,2,1,0,3,4,2,1,3,3,1,0,4,1,0,0,0,0,8,0,0,39.0,3869,5,1984,283,1038,1038,5,1984.0,1,264,2085,1038
0,1,0,2,0,1,3,3,5,1,3,4,1,0,3,1,0,0,0,0,8,0,0,24.0,2308,6,1976,306,804,1548,7,1976.0,2,440,410,1548
0,1,0,1,0,1,3,3,1,1,3,2,0,0,3,1,0,0,0,0,6,1,0,40.0,4400,6,1920,0,648,1118,6,1990.0,2,440,2650,1118
0,1,0,1,1,0,3,5,1,1,3,3,0,1,3,1,0,0,0,0,8,0,0,70.0,14210,6,1930,0,697,1801,8,1930.0,2,365,2867,1801
0,1,0,1,0,1,3,3,4,1,3,3,1,0,3,1,0,1,0,0,8,0,0,61.0,9758,5,1971,412,950,950,5,1981.0,1,280,1668,950
0,1,0,3,0,1,4,5,1,1,3,4,0,1,4,1,0,0,0,1,7,0,0,35.0,4017,7,2006,0,625,1250,5,2006.0,2,625,1161,1250
0,1,0,2,1,0,4,5,5,1,4,4,0,1,4,1,0,0,0,0,8,0,0,105.0,11249,6,1995,334,1200,1200,6,1995.0,2,521,2122,1200
1,0,0,1,1,0,3,4,5,3,3,3,0,1,3,1,0,1,0,0,8,0,0,80.0,9600,5,1967,602,1141,1141,6,1967.0,1,568,2539,1141
0,1,0,2,1,0,3,3,5,1,3,4,1,0,3,1,0,0,0,0,8,0,0,53.0,4043,6,1977,559,1069,1069,4,1977.0,2,440,1047,1069
0,1,0,1,0,1,3,3,2,3,3,4,1,0,3,0,1,0,0,0,8,0,0,0.0,9200,5,1975,280,938,938,5,1977.0,1,308,1445,938
0,1,0,2,0,0,4,5,1,1,3,4,0,1,3,1,0,0,0,0,8,0,0,63.0,13072,5,2004,0,1114,1114,6,2004.0,0,0,541,1114
0,0,1,3,1,0,4,5,1,1,3,4,0,1,4,1,0,0,0,1,7,0,0,0.0,3830,6,2008,0,1726,1726,6,2008.0,2,561,569,1726
0,1,0,1,0,1,4,4,1,1,3,3,1,0,3,1,0,1,0,0,8,0,0,59.0,7227,6,1954,0,832,832,4,1962.0,2,528,1276,832
0,1,0,1,0,1,3,5,1,2,2,3,0,0,3,0,0,0,0,0,8,0,0,53.0,7155,7,1918,0,600,1228,6,1918.0,1,215,918,1228
0,1,0,1,1,0,3,5,1,1,3,4,0,1,3,1,0,0,0,0,8,0,0,0.0,11875,5,1999,0,1344,1344,7,2001.0,2,686,326,1344
0,1,0,1,0,1,4,3,3,1,3,3,1,0,3,1,0,1,0,0,8,0,0,71.0,8540,5,1956,114,925,925,5,1956.0,1,252,1936,925
0,1,0,1,0,1,3,3,2,1,3,3,1,0,3,1,0,0,0,0,8,0,0,64.0,6410,4,1959,332,876,876,5,1959.0,1,320,895,876
0,1,0,1,1,0,3,4,6,3,2,4,0,1,3,1,0,0,0,0,8,0,0,82.0,11105,5,1996,870,870,965,4,1998.0,2,580,257,965
1,0,0,2,1,0,3,5,2,1,3,3,1,0,3,1,0,1,0,0,8,0,0,90.0,13200,6,1958,958,1395,1570,5,1958.0,2,441,1241,1570
0,1,0,1,0,1,3,3,3,1,3,3,0,0,3,1,0,0,0,0,6,0,0,50.0,7000,6,1926,299,894,919,5,1926.0,1,195,1545,919
1,0,0,2,1,0,4,5,5,1,3,3,1,0,4,1,0,0,0,0,8,0,0,80.0,11040,6,1971,656,1258,1258,5,1971.0,2,528,1189,1258
1,0,0,2,1,0,4,5,6,3,3,4,0,1,4,1,0,0,0,0,6,0,0,0.0,4426,6,2004,662,848,848,3,2004.0,2,420,270,848
1,0,0,1,1,0,3,2,4,1,3,4,1,0,3,1,0,0,0,0,8,0,1,99.0,16779,5,1920,267,671,2654,11,1946.0,2,638,2066,2654
0,1,0,1,0,1,3,4,1,1,3,3,0,1,3,1,0,0,0,0,6,1,0,60.0,10440,5,1910,0,440,1230,5,1966.0,2,440,693,1230
0,1,0,1,0,1,3,5,1,1,3,3,0,0,3,1,0,0,0,0,8,1,0,60.0,10836,5,1922,0,892,1436,7,1968.0,4,1488,1259,1436
1,0,0,2,1,0,3,2,3,3,3,3,0,1,3,1,0,0,0,0,8,0,0,80.0,13384,5,1969,119,1104,1360,8,1969.0,1,336,2916,1360
1,0,0,3,1,0,4,5,6,3,3,4,0,1,4,1,0,0,0,0,8,0,1,42.0,13751,7,2005,60,1700,2212,9,2006.0,3,773,2321,2212
0,1,0,1,0,1,2,3,2,1,2,2,0,1,3,1,0,0,0,0,6,0,0,56.0,4480,5,1922,782,1022,1022,4,1922.0,1,184,1977,1022
1,0,0,2,1,0,3,3,5,1,3,3,1,0,3,1,0,1,0,0,8,0,0,0.0,11382,6,1964,54,1130,1374,7,1964.0,1,286,1895,1374
0,1,0,2,1,0,3,5,5,1,3,3,1,0,3,0,1,1,0,0,8,0,0,76.0,9120,6,1958,662,1261,1261,6,1958.0,2,433,1240,1261
0,1,0,1,0,1,4,3,5,3,3,3,1,0,3,1,0,0,0,0,8,0,0,88.0,11782,5,1961,899,1109,1155,6,1987.0,2,576,85,1155
0,1,0,2,1,0,2,3,5,1,3,3,1,0,3,1,0,0,0,0,8,0,0,85.0,6970,4,1961,932,1040,1120,5,1961.0,2,544,1823,1120
0,0,1,2,1,0,4,5,6,3,3,5,0,1,4,0,1,0,0,0,8,0,0,77.0,11422,8,2007,1359,1838,1838,7,2007.0,2,524,825,1838
0,1,0,2,1,0,4,5,6,1,3,4,0,1,4,1,0,0,0,1,7,0,0,80.0,8000,7,2002,833,1492,1492,6,2002.0,2,596,110,1492
0,1,0,1,0,1,4,3,1,1,3,3,1,0,3,1,0,0,0,0,6,1,0,90.0,15660,5,1910,0,240,1306,6,1959.0,2,472,697,1306
0,1,0,2,0,0,3,3,6,3,3,4,1,0,3,1,0,0,0,0,8,0,0,50.0,6723,5,1971,796,796,796,5,1971.0,0,0,2297,796
1,0,0,1,1,0,3,4,3,1,3,3,1,0,3,1,0,1,0,0,8,0,0,75.0,7875,5,1961,572,1144,1144,6,1961.0,2,456,1231,1144
0,1,0,1,0,1,3,4,3,1,3,3,1,0,3,1,0,0,0,0,8,1,0,0.0,9144,5,1940,399,883,1505,8,1940.0,1,240,1355,1505
1,0,0,3,1,0,5,5,6,3,3,5,0,1,5,0,1,0,0,0,8,0,0,85.0,14601,9,2006,1260,1838,1838,8,2006.0,3,765,968,1838
0,1,0,2,1,0,4,3,6,2,3,3,1,0,3,1,0,0,0,0,8,0,1,0.0,12732,7,1974,560,752,2067,7,1974.0,2,784,584,2067
0,1,0,2,0,0,4,5,1,1,3,2,0,0,4,1,0,0,0,0,6,0,0,60.0,6000,5,1905,0,572,1540,7,1905.0,0,0,1315,1540
0,1,0,3,0,1,3,5,6,1,4,3,0,1,3,1,0,0,0,0,8,0,0,60.0,6600,5,1982,816,816,816,4,1985.0,2,816,1606,816
0,1,0,1,0,0,3,3,2,4,3,4,1,0,2,1,0,0,0,0,6,0,0,110.0,8472,5,1963,104,816,816,5,1963.0,2,516,206,816
0,0,1,3,1,0,5,5,6,4,3,5,0,1,5,0,1,0,0,0,8,0,0,96.0,12469,9,2006,1151,1790,1816,7,2007.0,3,730,1685,1816
0,1,0,1,0,1,3,5,1,1,3,3,0,0,3,1,0,0,0,0,6,1,0,52.0,6240,5,1930,0,966,1426,6,1930.0,1,230,2016,1426
0,1,0,2,1,0,4,5,1,1,3,4,0,1,4,1,0,0,0,0,8,0,1,0.0,11250,7,2001,0,944,1870,6,2001.0,2,608,869,1870
0,1,0,1,1,0,3,3,4,3,3,4,1,0,3,1,0,0,0,0,8,0,0,97.0,11800,5,1974,663,864,894,5,1974.0,2,440,2135,894
1,0,0,3,1,0,3,3,6,2,3,4,0,1,3,1,0,0,0,0,8,0,1,0.0,18800,6,1976,712,796,1574,6,1976.0,2,566,2346,1574
1,0,0,3,1,0,4,5,6,3,3,4,0,1,4,0,1,0,0,0,8,0,0,53.0,4045,7,2006,1070,1356,1500,6,2006.0,3,648,2430,1500
0,1,0,1,0,1,3,2,1,1,3,3,0,0,3,1,0,0,0,0,8,0,0,55.0,10594,5,1926,0,768,789,5,1926.0,1,200,2198,789
0,1,0,1,0,1,3,3,6,3,3,3,1,0,3,0,1,0,0,0,6,0,0,50.0,6000,5,1955,576,960,960,5,1976.0,2,576,2652,960
0,1,0,3,1,0,3,3,5,1,3,3,1,0,3,1,0,1,0,0,8,0,0,70.0,8400,4,1970,804,882,882,4,1970.0,2,525,27,882
0,1,0,2,1,0,4,5,6,2,3,4,0,1,3,1,0,0,0,0,8,0,0,83.0,10420,6,2009,36,1212,1212,6,2009.0,2,460,241,1212
1,0,0,1,0,0,3,3,2,1,2,3,0,1,3,1,0,0,0,0,5,1,0,70.0,6300,5,1938,832,832,1268,7,1938.0,1,250,906,1268
0,1,0,2,0,0,5,4,1,1,3,3,0,1,3,1,0,0,0,0,8,1,0,60.0,12180,5,1938,0,585,1053,5,1938.0,0,0,1506,1053
0,0,1,2,0,0,4,5,6,4,3,5,0,1,4,0,1,0,0,0,8,0,1,77.0,9965,8,2006,1150,1466,2828,11,2006.0,3,1052,2098,2828
1,0,0,2,1,0,4,5,6,4,3,4,0,1,3,1,0,0,0,0,8,0,0,0.0,8696,7,1997,1308,1418,1418,5,1997.0,2,558,1435,1418
0,1,0,3,1,0,3,2,0,0,0,0,1,0,3,1,0,0,0,0,8,0,0,126.0,13108,5,1951,0,0,1226,7,1951.0,2,400,2213,1226
0,1,0,1,0,1,3,5,5,1,3,3,1,0,3,1,0,1,0,0,8,1,0,60.0,8064,6,1948,315,768,1320,5,1994.0,2,576,1274,1320
0,1,0,2,0,0,2,2,1,1,2,3,0,0,2,1,0,0,0,0,6,0,0,51.0,6120,2,1936,0,264,800,4,1936.0,0,0,743,800
0,1,0,3,1,0,4,5,6,3,3,4,0,1,4,1,0,0,0,0,8,0,0,73.0,8899,7,2007,24,1340,1340,6,2007.0,2,396,1737,1340
1,0,0,3,1,0,4,5,6,3,3,4,0,1,4,1,0,0,0,0,8,0,1,67.0,10566,8,1999,920,1090,2214,8,1999.0,3,646,2797,2214
0,0,0,2,0,0,2,3,0,0,0,0,0,1,3,1,0,0,0,0,8,0,0,74.0,6882,4,1955,0,0,1152,6,1955.0,0,0,2185,1152
0,1,0,3,0,0,3,5,6,1,3,4,0,1,3,1,0,0,0,0,8,0,0,0.0,7750,7,2000,250,384,1430,7,2000.0,2,400,58,1430
0,0,1,2,1,0,4,5,6,3,3,4,0,1,4,1,0,0,0,0,8,0,0,64.0,7314,7,2007,724,1232,1232,6,2007.0,2,632,830,1232
0,1,0,1,1,0,3,3,0,0,0,0,0,0,3,1,0,0,0,0,8,0,0,64.0,7018,5,1979,0,0,1535,8,1979.0,2,410,808,1535
0,1,0,1,1,0,3,4,3,1,3,3,1,0,3,1,0,1,0,0,8,1,0,60.0,7200,5,1950,180,1208,1904,7,1950.0,1,240,680,1904
0,1,0,1,0,1,3,4,5,2,2,3,1,0,3,1,0,0,0,0,8,0,0,65.0,8450,5,1968,890,890,890,5,1970.0,1,308,1153,890
0,1,0,1,0,1,4,4,1,1,3,3,0,0,4,1,0,0,0,0,6,0,0,60.0,6000,6,1915,0,728,1456,7,1915.0,1,308,1291,1456
1,0,0,1,0,1,3,3,0,0,0,0,0,0,3,1,0,0,0,0,5,0,0,60.0,8400,5,1977,0,0,2020,10,1977.0,2,630,1818,2020
0,1,0,2,1,0,4,5,1,1,3,4,0,1,4,1,0,0,0,0,8,0,1,70.0,8145,7,2007,0,738,1476,7,2007.0,2,552,2161,1476
0,0,0,1,0,1,3,4,1,1,3,3,1,0,3,1,0,1,0,0,8,0,0,80.0,8892,5,1960,0,1065,1065,6,1974.0,2,461,1883,1065
0,1,0,3,1,0,4,5,6,3,3,5,0,1,4,1,0,0,0,0,8,0,0,28.0,7296,8,2004,1965,2208,2522,8,2004.0,2,564,350,2522
0,1,0,2,0,0,4,5,1,1,3,4,0,1,3,1,0,0,0,0,8,0,0,63.0,13072,6,2005,0,1131,1131,6,2005.0,0,0,2473,1131
1,0,0,1,0,1,3,5,5,1,3,3,1,0,3,1,0,0,0,0,8,0,0,78.0,15600,5,1950,375,1032,2177,11,1950.0,2,484,295,2177
0,1,0,1,0,1,4,5,1,1,3,3,0,1,3,1,0,0,0,0,8,1,0,50.0,9638,6,1919,0,804,2447,10,1969.0,1,336,293,2447
0,1,0,1,1,0,3,5,4,3,3,3,1,0,3,1,0,0,0,0,8,0,0,36.0,15523,5,1972,460,864,864,5,1972.0,1,338,859,864
0,1,0,1,0,1,3,3,3,1,2,3,0,0,3,1,0,0,0,0,8,0,0,45.0,8212,3,1914,203,864,864,5,1938.0,1,200,288,864
0,1,0,3,0,0,4,4,1,1,3,4,0,1,3,1,0,0,0,0,8,0,0,73.0,9735,5,2006,0,384,1394,7,2007.0,2,400,1578,1394
1,0,0,1,0,1,4,5,6,1,3,4,0,1,4,1,0,0,0,1,7,0,0,0.0,2980,6,2000,466,756,1512,5,2000.0,2,440,102,1512
0,0,1,1,0,1,4,5,1,1,3,4,0,1,4,1,0,0,0,0,6,0,0,24.0,2522,6,2004,0,970,1709,7,2004.0,2,380,2831,1709
1,0,0,1,1,0,3,3,1,1,3,3,1,0,3,1,0,0,0,0,8,0,0,80.0,10400,6,1976,0,1444,1444,5,1976.0,2,473,1030,1444
1,0,0,1,1,0,3,5,5,1,3,3,1,0,3,0,1,1,0,0,8,0,0,80.0,10800,5,1960,632,1248,1248,6,1960.0,1,286,2551,1248
0,1,0,1,0,1,4,4,1,1,3,3,0,1,3,1,0,0,0,0,6,0,0,60.0,10440,5,1904,0,650,1539,8,1983.0,2,686,1286,1539
0,0,1,3,1,0,5,5,6,4,3,5,0,1,4,0,1,0,0,0,8,0,0,89.0,12898,9,2007,1022,1620,1620,6,2008.0,3,912,958,1620
0,1,0,1,0,1,3,3,5,3,3,3,1,0,3,0,1,0,0,0,8,0,0,74.0,8740,5,1982,672,840,860,4,1996.0,2,528,776,860
0,1,0,3,1,0,4,5,6,1,3,5,0,1,4,1,0,0,0,1,7,0,0,84.0,10440,6,2005,1414,1468,1468,6,2005.0,2,528,72,1468
1,0,0,3,1,0,4,5,1,4,3,4,0,1,4,1,0,0,0,0,8,0,0,89.0,10991,8,2007,0,1571,1571,7,2007.0,3,722,2263,1571
0,1,0,1,1,0,3,5,4,3,3,4,0,1,3,1,0,0,0,0,8,0,0,0.0,8723,6,1969,973,973,1082,6,1969.0,2,480,1866,1082
0,1,0,1,0,1,2,4,1,1,3,3,0,0,3,1,0,0,0,0,6,0,0,50.0,7030,4,1925,0,641,641,4,1925.0,1,272,2876,641
1,0,0,2,1,0,4,5,1,1,3,4,0,1,4,1,0,0,0,0,8,0,1,0.0,9375,8,2002,0,1284,2169,7,2002.0,2,647,2146,2169
0,1,0,1,0,1,4,5,5,1,3,4,0,1,4,0,1,0,0,1,7,0,0,24.0,2572,7,1999,604,696,1416,6,1999.0,2,484,103,1416
1,0,0,2,0,0,3,5,6,4,3,4,0,1,3,1,0,0,0,0,6,0,0,35.0,3675,6,2005,459,547,1072,5,2005.0,2,525,1500,1072
0,1,0,3,0,0,3,5,1,1,3,4,0,1,3,1,0,0,0,0,8,0,1,0.0,24682,6,1999,0,841,1675,7,1999.0,2,502,492,1675
0,1,0,2,0,1,3,5,3,1,3,3,1,0,3,1,0,1,0,0,8,0,0,81.0,7635,5,1960,588,1175,1175,6,1960.0,2,484,167,1175
0,1,0,1,0,1,4,5,3,1,3,3,1,0,3,1,0,0,0,0,8,0,0,90.0,5400,5,1954,415,833,833,4,1955.0,1,326,2597,833
0,1,0,1,0,1,3,3,1,1,2,3,0,0,3,1,0,0,0,0,6,0,0,58.0,6380,5,1922,0,993,1048,5,1922.0,1,280,2685,1048
0,1,0,1,1,0,3,4,5,1,3,4,1,0,3,1,0,1,0,0,8,0,0,65.0,9750,6,1969,602,1054,1054,6,1969.0,2,460,1035,1054
0,1,0,1,0,1,3,3,0,0,0,0,1,0,3,0,1,0,0,0,8,0,0,0.0,6627,3,1949,0,0,720,4,1955.0,1,287,1220,720
0,1,0,1,0,1,3,5,3,1,3,3,1,0,3,1,0,0,0,0,8,0,0,60.0,7200,6,1915,338,663,1595,7,1974.0,2,528,2602,1595
0,1,0,3,0,0,4,5,1,1,3,4,0,1,4,1,0,0,0,0,8,0,1,65.0,8200,7,2003,0,847,1928,8,2003.0,2,434,2159,1928
0,1,0,1,0,1,3,4,2,2,3,3,1,0,3,1,0,0,0,0,6,0,0,57.0,10307,6,1910,633,972,1944,12,1920.0,2,324,695,1944
1,0,0,2,1,0,4,5,6,1,3,4,0,1,4,1,0,0,1,0,8,0,1,81.0,10944,7,1994,1000,1223,2127,5,1994.0,2,525,1109,2127
1,0,0,1,1,0,3,3,3,4,3,3,1,0,3,1,0,1,0,0,8,0,0,120.0,19296,6,1962,672,1362,1382,6,1991.0,2,884,640,1382
1,0,0,1,1,0,3,3,5,3,3,4,1,0,3,1,0,0,0,0,8,0,0,0.0,10395,6,1978,605,1032,1032,6,1978.0,2,564,1652,1032
0,1,0,1,1,0,4,5,1,1,3,3,1,0,3,1,0,0,0,0,8,1,0,104.0,23920,6,1984,0,1105,1822,7,1984.0,2,515,2090,1822
0,1,0,2,1,0,3,2,3,1,3,3,1,0,3,1,0,0,0,0,8,0,0,85.0,11050,6,1968,301,1740,1740,8,1968.0,2,512,1188,1740
1,0,0,3,1,0,4,2,5,1,3,3,1,0,3,1,0,0,0,0,8,0,1,0.0,16659,7,1977,795,795,2263,9,1977.0,2,539,2345,2263
1,0,0,3,0,0,5,5,6,4,3,5,0,1,4,0,1,0,0,0,8,0,1,108.0,13418,9,2006,1420,1850,2748,9,2006.0,3,850,1059,2748
0,1,0,2,0,0,4,5,1,1,3,4,0,1,4,1,0,0,0,0,8,0,1,133.0,11003,7,2005,0,1308,1876,7,2005.0,3,848,2751,1876
1,0,0,1,0,1,3,4,2,1,3,3,1,0,4,1,0,1,0,0,8,1,0,68.0,9724,5,1952,670,1140,2461,7,1994.0,2,400,128,2461
0,1,0,1,0,1,3,5,5,1,3,3,0,0,3,1,0,0,0,0,8,0,0,64.0,7804,6,1930,281,960,1920,10,1930.0,2,480,1523,1920
0,1,0,1,0,1,3,5,5,1,3,3,1,0,3,1,0,0,0,0,8,0,0,160.0,20000,5,1960,1224,1224,1224,7,1960.0,2,576,2925,1224
0,0,1,3,1,0,4,5,6,1,3,4,0,1,4,1,0,0,0,0,8,0,0,80.0,10386,8,2004,1464,2000,2000,8,2004.0,3,888,2145,2000
0,1,0,2,1,0,4,5,6,1,3,4,0,1,4,1,0,0,0,1,7,0,0,72.0,8640,8,2007,24,1363,1372,6,2008.0,2,588,1121,1372
0,1,0,3,0,0,4,5,1,1,3,4,0,1,4,1,0,0,0,1,7,0,0,32.0,2880,7,2004,0,1376,3005,9,2004.0,3,704,566,3005
1,0,0,1,1,0,4,5,6,1,3,4,0,1,4,1,0,0,1,0,8,0,1,0.0,11949,7,1991,601,975,1755,7,1991.0,2,524,565,1755
0,1,0,1,0,1,3,3,3,1,3,3,0,0,3,1,0,0,0,0,8,1,0,0.0,7010,5,1935,175,1024,1738,6,1950.0,1,240,1331,1738
0,1,0,2,0,0,3,3,6,3,3,4,0,1,3,1,0,0,0,0,8,0,0,62.0,10441,5,1992,337,912,970,6,1992.0,0,0,2928,970
1,0,0,1,1,0,3,4,5,1,3,3,1,0,3,1,0,1,0,0,8,0,0,85.0,10200,5,1954,320,1086,1086,6,1989.0,2,490,156,1086
0,1,0,1,1,0,3,4,2,1,3,3,1,0,3,1,0,0,0,0,8,1,0,60.0,11409,5,1949,292,768,1716,8,1949.0,1,281,797,1716
0,1,0,2,1,0,3,3,4,1,3,3,1,0,3,1,0,0,0,0,6,0,0,0.0,1974,4,1973,334,546,1092,6,1973.0,1,286,327,1092
0,1,0,1,0,1,3,4,1,1,2,3,0,1,3,1,0,0,0,0,8,1,0,66.0,21780,6,1920,0,817,1550,7,1937.0,1,318,2859,1550
0,1,0,1,0,1,3,5,5,3,3,3,1,0,3,1,0,0,0,0,8,0,0,60.0,7200,5,1972,632,780,780,4,1973.0,1,352,1453,780
1,0,0,3,1,0,4,5,6,3,3,4,0,1,4,0,1,0,1,0,8,0,1,100.0,12191,8,1997,1181,1779,2551,8,1998.0,3,925,1762,2551
0,1,0,2,1,0,4,3,4,1,3,3,1,0,3,0,1,0,0,0,8,0,0,108.0,11358,7,1972,346,1124,1610,8,1972.0,2,515,1868,1610
0,1,0,2,1,0,3,5,1,1,3,4,0,1,3,1,0,0,0,0,8,0,1,59.0,9649,6,1999,0,941,1644,7,1999.0,2,460,1760,1644
1,0,0,2,1,0,4,5,6,1,3,4,0,1,4,1,0,0,0,1,8,0,0,75.0,11957,8,2006,24,1574,1574,7,2006.0,3,824,1113,1574
0,1,0,2,1,0,4,5,5,1,3,4,0,1,4,1,0,0,0,0,8,0,1,0.0,11613,6,1993,480,864,1820,7,1993.0,2,492,1812,1820
0,1,0,2,1,0,3,3,5,1,3,3,1,0,3,1,0,0,0,0,8,0,1,80.0,9600,6,1971,329,715,1645,7,1971.0,2,441,117,1645
1,0,0,2,1,0,4,5,6,1,3,4,0,1,3,1,0,0,0,0,8,0,0,65.0,8125,6,1994,1138,1408,1679,7,1994.0,2,575,1142,1679
1,0,0,1,1,0,5,5,6,4,3,5,0,1,5,0,1,0,0,0,8,0,0,90.0,18261,9,2005,1416,1910,2000,8,2005.0,3,722,2342,2000
0,1,0,1,1,0,3,5,3,2,3,3,0,0,3,1,0,0,0,0,8,0,0,70.0,9100,5,1954,154,1112,1112,6,1954.0,1,390,927,1112
0,1,0,2,1,0,3,5,1,1,3,4,0,1,3,1,0,0,0,0,8,0,1,70.0,8304,6,1997,0,941,1837,7,1997.0,2,688,2478,1837
0,1,0,1,1,0,3,4,1,1,3,3,1,0,3,1,0,0,0,0,8,0,0,53.0,5470,3,1958,0,792,792,4,1958.0,1,366,655,792
0,1,0,1,0,1,4,5,3,1,3,3,1,0,3,1,0,0,0,0,8,0,0,0.0,8169,5,1966,216,912,912,6,1966.0,1,315,2064,912
0,0,1,3,1,0,4,5,5,3,3,5,0,1,4,0,1,0,0,0,8,0,0,124.0,16158,7,2005,1274,1530,1530,7,2005.0,2,430,369,1530
0,1,0,1,0,1,3,3,1,1,3,3,0,0,3,1,0,0,0,0,6,0,0,59.0,8263,6,1920,0,1012,1012,6,1920.0,1,308,2239,1012
0,1,0,2,1,0,4,4,6,4,3,4,0,1,3,1,0,0,0,0,8,0,0,0.0,5271,7,1986,1082,1453,1453,6,1986.0,2,445,2732,1453
1,0,0,3,1,0,4,3,5,1,3,4,1,0,3,1,0,0,0,0,8,0,0,79.0,11850,6,1984,781,1153,1177,6,1984.0,2,495,1653,1177
0,1,0,2,1,0,4,4,1,3,3,5,0,1,3,1,0,0,0,0,8,0,1,83.0,13159,7,2009,0,846,1692,6,2009.0,2,650,959,1692
1,0,0,3,0,0,5,5,6,3,3,5,0,1,4,0,1,0,0,0,8,0,1,82.0,11643,8,2005,880,1524,2358,10,2005.0,3,784,2395,2358
0,1,0,2,0,0,3,2,6,3,3,4,0,1,3,1,0,0,0,0,8,0,0,50.0,9350,5,1975,864,864,864,4,1975.0,0,0,1412,864
1,0,0,3,1,0,4,5,4,3,3,4,0,1,4,0,1,0,0,0,8,0,0,48.0,10635,8,2003,370,1657,1668,8,2003.0,2,502,271,1668
1,0,0,2,1,0,4,5,6,3,3,4,0,1,4,1,0,0,0,0,6,0,0,0.0,4438,6,2004,662,848,848,3,2004.0,2,420,1484,848
0,1,0,3,1,0,4,5,6,1,3,4,0,1,3,1,0,0,0,0,8,0,0,60.0,7024,4,2005,1024,1132,1132,5,2005.0,2,451,1497,1132
0,1,0,1,1,0,3,3,0,0,0,0,0,0,3,1,0,0,0,0,8,0,0,75.0,8250,6,1981,0,0,1882,8,1981.0,2,612,552,1882
0,1,0,1,1,0,3,3,3,1,3,3,1,0,3,1,0,1,0,0,5,0,0,80.0,11622,5,1961,468,882,896,5,1961.0,1,730,2,896
1,0,0,2,1,0,4,5,6,1,3,4,1,0,4,0,1,0,0,0,8,0,0,80.0,12000,7,1980,1732,2002,2362,8,1980.0,2,546,1855,2362
0,1,0,3,1,0,5,5,5,1,3,3,1,0,4,0,1,1,0,0,8,0,0,93.0,11160,7,1968,1065,2110,2110,8,1968.0,2,522,4,2110
0,1,0,2,1,0,3,3,5,3,3,4,0,1,3,1,0,0,0,0,8,0,0,0.0,11333,6,1976,539,1029,1062,5,1976.0,2,539,2292,1062
1,0,0,3,1,0,3,4,2,1,3,3,0,1,3,1,0,1,0,0,8,0,0,78.0,7800,5,1954,540,1268,1268,7,1954.0,1,244,134,1268
0,1,0,1,0,1,2,3,1,1,3,3,1,0,3,1,0,1,0,0,8,0,0,60.0,10434,4,1955,0,1005,1005,5,1977.0,2,672,646,1005
1,0,0,3,1,0,5,5,6,1,3,5,0,1,4,0,1,0,0,0,8,0,0,90.0,11520,9,2005,110,1698,1698,7,2005.0,3,730,42,1698
0,1,0,2,1,0,4,5,6,1,3,4,0,1,4,1,0,0,0,1,7,0,0,68.0,8736,7,2003,771,1553,1553,6,2003.0,2,588,532,1553
0,1,0,2,0,0,3,4,1,1,3,3,0,0,3,1,0,0,0,0,6,0,0,33.0,4456,4,1920,0,736,1452,8,1920.0,0,0,713,1452
0,0,1,2,1,0,3,5,5,1,3,3,1,0,3,1,0,1,0,0,8,0,0,80.0,9600,5,1951,996,1056,1216,7,1951.0,1,280,2561,1216
0,1,0,3,1,0,3,5,4,2,3,3,1,0,3,1,0,1,0,0,8,0,0,0.0,15870,5,1969,75,1096,1096,6,1969.0,1,299,2360,1096
0,1,0,1,0,1,4,5,5,1,3,3,1,0,3,1,0,0,0,0,6,1,0,50.0,5000,5,1941,600,672,1210,6,1941.0,1,240,1333,1210
0,1,0,1,0,1,3,3,1,1,3,3,0,0,3,1,0,0,0,0,8,1,0,75.0,45600,6,1908,0,907,2358,10,1908.0,2,360,1407,2358
1,0,0,2,1,0,4,5,6,4,3,4,0,1,4,0,1,0,0,0,8,0,1,42.0,26178,7,1989,965,1210,2519,9,1989.0,2,628,2892,2519
1,0,0,3,1,0,4,5,6,1,3,4,0,1,4,1,0,0,0,1,7,0,0,24.0,2645,8,1999,649,970,1739,7,1999.0,2,480,574,1739
0,1,0,2,0,0,4,4,4,3,3,3,1,0,3,0,1,1,0,0,8,0,0,80.0,9600,6,1955,831,992,1661,8,1955.0,1,377,1227,1661
0,1,0,1,0,0,3,5,1,1,3,3,1,0,4,0,1,1,0,0,8,0,0,118.0,21299,7,1941,0,929,2039,7,1941.0,3,791,2591,2039
1,0,0,1,1,0,4,5,6,2,3,4,0,1,4,1,0,0,0,0,8,0,0,65.0,8450,7,2004,946,1436,1436,8,2004.0,2,484,1476,1436
1,0,0,2,1,0,4,5,1,1,3,5,0,1,4,0,1,0,0,1,7,0,1,75.0,9375,8,2003,0,1053,1992,9,2003.0,2,648,1125,1992
1,0,0,1,1,0,3,3,6,3,4,4,1,0,4,1,0,0,0,0,8,0,0,65.0,8385,5,1977,595,985,985,6,1977.0,1,328,1446,985
1,0,0,1,0,1,3,3,5,1,3,3,1,0,3,1,0,0,0,0,6,0,0,21.0,1680,5,1972,231,630,1302,6,1972.0,1,264,408,1302
1,0,0,2,1,0,4,5,6,3,3,4,0,1,4,1,0,0,1,0,8,0,1,84.0,14260,8,2000,655,1145,2198,9,2000.0,3,836,1101,2198
1,0,0,3,1,0,4,5,6,1,3,4,0,1,4,1,0,0,0,0,8,0,0,80.0,10000,5,2002,585,1441,1392,6,2002.0,3,650,2251,1392
1,0,0,3,1,0,3,3,5,1,3,3,1,0,3,0,1,0,0,0,8,0,0,85.0,11900,7,1977,822,1386,1411,6,1977.0,2,544,373,1411
0,1,0,1,0,1,3,5,1,1,3,3,1,0,3,0,1,1,0,0,8,0,0,68.0,9724,5,1947,0,938,1043,5,1947.0,1,273,2554,1043
1,0,0,3,1,0,4,5,1,3,3,4,0,1,4,1,0,0,0,0,8,0,0,110.0,16163,8,2004,0,1618,1618,6,2004.0,3,880,2382,1618
0,1,0,1,0,1,3,4,2,1,3,2,0,0,3,1,0,0,0,0,6,1,0,50.0,5925,4,1900,122,570,1141,6,1930.0,1,252,1985,1141
0,0,1,2,1,0,4,5,6,2,3,4,0,1,4,1,0,0,0,1,7,0,0,72.0,8640,8,2009,936,1300,1314,6,2009.0,2,552,519,1314
1,0,0,3,1,0,3,5,1,1,3,4,0,1,3,1,0,0,0,0,8,0,1,93.0,10261,6,2000,0,936,1792,8,2000.0,2,451,1093,1792
1,0,0,2,0,0,4,5,1,3,3,4,0,1,4,1,0,0,0,0,8,0,1,0.0,12334,8,2003,0,1068,2184,8,2003.0,2,570,864,2184
1,0,0,1,1,0,3,3,6,4,3,4,1,0,3,1,0,0,0,0,8,0,0,78.0,10530,6,1977,975,975,1004,4,1977.0,2,504,2889,1004
0,0,1,1,1,0,3,2,3,2,3,3,1,0,3,1,0,1,0,0,8,0,0,0.0,11765,5,1957,1127,1617,1797,7,1957.0,3,963,2308,1797
0,1,0,1,1,0,3,5,6,1,3,4,0,0,3,1,0,0,0,0,8,1,0,85.0,14115,5,1993,732,796,1362,5,1993.0,2,480,986,1362
0,1,0,1,0,1,3,5,3,1,3,3,1,0,3,1,0,0,0,0,6,1,0,75.0,9000,5,1946,445,904,1499,5,1959.0,3,869,1302,1499
0,1,0,1,1,0,3,3,4,1,4,3,1,0,3,1,0,0,0,0,8,0,1,0.0,12936,6,1972,593,723,1395,6,1972.0,2,497,585,1395
0,1,0,2,1,0,3,3,6,1,3,3,1,0,3,0,1,0,0,0,8,0,0,70.0,8414,6,1963,663,1059,1068,6,1963.0,1,264,2708,1068
1,0,0,2,1,0,3,2,3,1,3,3,1,0,3,0,1,1,0,0,8,0,0,87.0,10725,5,1959,936,1206,1206,6,1959.0,1,312,147,1206
1,0,0,2,1,0,4,5,6,2,3,4,0,1,4,1,0,0,0,0,8,0,0,88.0,12803,7,2002,922,1494,1494,6,2002.0,2,530,1441,1494
1,0,0,1,1,0,4,5,5,1,3,3,1,0,3,1,0,0,0,0,8,0,1,0.0,10304,5,1976,381,780,1868,9,1976.0,2,484,383,1868
0,0,1,1,0,0,3,5,3,3,3,3,1,0,3,0,1,0,0,0,8,0,0,68.0,8562,5,1957,383,1216,1526,7,1957.0,1,364,285,1526
0,1,0,1,0,1,3,3,3,1,3,3,0,0,3,1,0,0,0,0,6,1,0,0.0,8239,5,1920,176,1008,1245,6,1962.0,1,315,181,1245
1,0,0,3,0,0,3,4,5,1,4,4,0,1,5,1,0,0,0,0,8,0,1,0.0,9765,6,1993,310,680,1470,6,1993.0,2,420,358,1470
1,0,0,1,1,0,3,5,1,2,3,3,1,0,3,0,1,0,0,0,8,0,0,0.0,15584,5,1956,0,825,2071,9,1956.0,1,336,780,2071
0,1,0,2,1,0,3,5,5,1,3,4,0,1,3,1,0,0,0,0,8,0,1,0.0,9337,7,1997,353,878,1692,8,1997.0,2,513,258,1692
1,0,0,2,1,0,3,3,3,1,3,3,1,0,3,1,0,0,0,0,8,0,1,80.0,8000,6,1970,915,1008,2411,8,1970.0,2,570,1865,2411
0,1,0,1,0,1,3,3,3,1,3,3,1,0,3,1,0,0,0,0,6,1,0,0.0,3950,6,1926,468,818,1224,5,1926.0,1,210,692,1224
1,0,0,2,1,0,4,5,6,4,3,5,0,1,4,0,1,0,0,0,8,0,0,88.0,11443,8,2005,1460,1868,2028,7,2005.0,3,880,2902,2028
0,0,1,2,1,0,4,5,1,2,3,4,0,1,4,1,0,0,0,1,8,0,0,86.0,11194,8,2008,0,1696,1696,7,2008.0,3,972,508,1696
0,0,1,1,0,1,3,4,3,1,3,3,1,0,3,1,0,0,0,0,6,1,0,60.0,9600,5,1948,276,1212,1668,6,1948.0,1,240,2638,1668
0,1,0,1,1,0,3,2,5,1,3,4,1,0,3,1,0,0,0,0,8,0,0,24.0,2280,6,1978,311,855,1456,7,1978.0,2,440,36,1456
1,0,0,2,1,0,3,3,3,4,3,3,1,0,3,1,0,1,0,0,8,0,0,0.0,12095,6,1964,564,1127,1445,7,1964.0,2,645,611,1445
0,1,0,1,1,0,3,4,5,4,3,3,0,1,3,1,0,0,0,0,8,0,0,94.0,25286,4,1963,633,1064,1040,5,1963.0,2,648,2281,1040
1,0,0,1,0,1,5,5,1,1,3,3,1,0,3,1,0,0,0,0,6,0,0,21.0,2058,6,1973,0,672,1218,7,1973.0,1,264,1678,1218
0,0,1,3,1,0,5,5,6,4,3,5,0,1,5,0,1,0,0,0,8,0,0,107.0,13891,9,2007,1812,2552,2552,8,2007.0,3,932,1696,2552
0,1,0,1,0,1,3,3,1,1,3,1,0,1,3,1,0,0,0,0,3,1,0,52.0,5150,4,1910,0,356,1049,5,1910.0,1,195,1557,1049
0,1,0,3,0,0,3,4,6,1,4,4,0,1,3,1,0,0,0,0,8,0,1,60.0,7023,5,2005,611,734,1408,6,2005.0,2,489,2180,1408
1,0,0,3,1,0,4,5,6,1,3,4,0,1,4,0,1,0,0,0,8,0,0,48.0,6240,8,2006,24,1324,1324,6,2006.0,2,550,1726,1324
0,1,0,1,1,0,3,5,5,3,3,3,1,0,3,1,0,0,0,0,8,0,0,75.0,9750,6,1977,767,902,926,5,1977.0,1,351,951,926
0,1,0,3,1,0,4,5,1,1,3,4,0,1,4,1,0,0,0,0,8,0,1,75.0,9375,7,1997,0,1040,2098,9,1997.0,2,621,267,2098
1,0,0,1,1,0,3,4,3,1,3,3,1,0,3,1,0,0,0,0,8,0,0,75.0,11235,4,1963,547,1051,1382,6,1974.0,2,459,2706,1382
1,0,0,3,1,0,4,5,6,1,3,3,0,1,3,0,1,0,0,0,8,0,0,110.0,14442,6,1957,1186,1477,1839,7,1957.0,2,416,2221,1839
0,1,0,2,0,1,3,4,3,2,3,3,0,1,3,1,0,0,0,0,6,0,1,57.0,8094,6,1910,196,1242,1984,8,1910.0,1,360,1357,1984
0,0,1,3,1,0,4,5,6,3,4,5,0,1,4,1,0,0,0,0,8,0,0,95.0,13618,8,2005,1350,1728,1960,8,2005.0,3,714,2901,1960
1,0,0,3,0,0,3,4,6,1,3,4,0,1,3,1,0,0,0,0,8,0,0,60.0,8400,7,1996,284,384,1628,7,1996.0,2,390,347,1628
0,1,0,2,1,0,4,5,6,3,3,4,0,1,4,1,0,0,0,0,8,0,0,65.0,8769,7,2005,709,1169,1190,5,2005.0,2,578,2164,1190
0,0,1,3,1,0,4,5,6,4,3,4,0,1,4,0,1,0,0,0,8,0,1,85.0,12244,8,2003,871,1482,2262,10,2003.0,3,749,1586,2262
1,0,0,1,1,0,4,5,1,1,3,4,0,1,3,1,0,0,0,0,8,0,0,58.0,7250,6,1993,0,1181,1190,6,1993.0,2,430,360,1190
0,1,0,1,1,0,3,5,6,3,3,4,0,1,4,1,0,0,1,0,8,0,1,92.0,9920,7,1996,862,1117,2013,8,1997.0,2,455,1769,2013
0,0,0,1,1,0,4,4,0,0,0,0,0,0,3,0,1,1,0,0,8,0,0,86.0,11650,7,1959,0,0,1472,5,1959.0,2,484,2617,1472
1,0,0,1,0,1,3,3,6,1,3,3,1,0,3,1,0,1,0,0,8,0,0,0.0,10624,5,1964,40,1728,1728,10,2002.0,1,352,1879,1728
0,1,0,3,1,0,3,5,4,2,3,3,1,0,3,1,0,1,0,0,8,0,0,0.0,12925,6,1970,865,1205,2117,7,1970.0,2,550,991,2117
0,1,0,1,0,1,3,3,1,1,3,3,0,0,3,1,0,0,0,0,8,1,0,0.0,9260,5,1938,0,884,1374,6,1938.0,1,225,1535,1374
0,1,0,1,0,1,3,5,1,1,3,3,1,0,3,1,0,0,0,0,8,0,0,75.0,9750,5,1965,0,1625,1625,8,1965.0,2,484,1191,1625
0,0,1,3,1,0,4,5,1,3,3,4,0,1,4,1,0,0,0,0,8,0,1,81.0,12018,7,2008,0,796,1612,6,2008.0,3,666,1579,1612
0,1,0,2,1,0,3,3,4,2,3,3,1,0,3,0,1,1,0,0,8,0,0,0.0,12772,6,1960,498,958,958,5,1960.0,1,301,1882,958
0,1,0,1,0,1,3,5,1,1,3,3,0,1,3,1,0,0,0,0,8,1,0,60.0,8172,4,1954,0,941,1470,7,1958.0,1,548,1510,1470
0,1,0,2,0,0,3,2,3,2,3,3,0,1,3,0,1,0,0,0,8,0,0,60.0,10890,5,1923,371,1296,2592,12,1923.0,0,0,2196,2592
1,0,0,1,0,1,4,5,6,1,3,4,0,1,4,1,0,0,0,1,7,0,0,0.0,2117,6,2000,420,756,1512,4,2000.0,2,440,1845,1512
1,0,0,3,0,0,5,5,1,3,3,5,0,1,4,0,1,0,0,0,8,0,1,92.0,15922,9,2005,0,1390,2795,10,2005.0,3,660,2336,2795
0,1,0,1,0,1,3,3,1,2,3,3,0,1,3,1,0,0,0,0,6,0,0,60.0,6402,5,1920,0,596,1192,6,1920.0,1,189,942,1192
0,1,0,3,0,1,3,4,6,3,3,4,1,0,3,1,0,0,0,0,8,0,0,60.0,7200,5,1972,660,768,768,5,1974.0,1,396,861,768
0,1,0,1,0,1,3,3,5,1,3,3,1,0,3,1,0,0,0,0,8,1,0,51.0,4712,4,1946,384,747,1230,5,1946.0,1,305,2555,1230
0,1,0,1,1,0,3,3,4,2,3,4,0,1,3,1,0,0,0,0,8,0,0,0.0,13284,5,1954,1064,1383,1383,6,1954.0,1,354,1392,1383
0,0,1,3,1,0,4,5,1,3,3,4,0,1,4,1,0,0,0,0,8,0,0,71.0,9178,8,2007,0,1643,1651,7,2007.0,3,870,2099,1651
0,1,0,1,0,1,3,3,6,1,3,4,1,0,3,1,0,0,0,0,6,0,0,24.0,1879,6,1980,366,516,1032,5,1980.0,2,462,1543,1032
0,1,0,2,1,0,4,5,6,1,3,5,0,1,4,1,0,0,0,0,8,1,0,48.0,12822,7,2003,1351,1434,2149,6,2003.0,2,670,948,2149
0,1,0,2,1,0,4,3,5,1,3,3,1,0,3,1,0,1,0,0,8,0,0,82.0,9840,5,1959,1053,1248,1440,7,1959.0,1,480,1239,1440
1,0,0,2,1,0,4,3,6,4,3,4,1,0,3,1,0,0,0,0,8,0,0,85.0,10625,7,1974,885,1053,1173,6,1974.0,2,528,22,1173
0,0,1,1,1,0,4,5,6,1,3,4,0,1,4,1,0,0,0,0,8,0,0,0.0,8125,7,2002,986,1654,1654,6,2002.0,3,900,2796,1654
1,0,0,1,1,0,4,3,6,1,3,4,1,0,4,1,0,0,0,0,8,0,0,0.0,11200,6,1985,1258,1298,1298,5,1985.0,2,403,2747,1298
1,0,0,2,1,0,4,5,2,1,3,4,0,1,4,1,0,0,1,0,8,0,1,85.0,13143,8,1993,250,1231,2349,9,1993.0,3,762,92,2349
1,0,0,1,1,0,3,4,3,1,3,4,1,0,3,1,0,0,0,0,8,0,0,100.0,15263,5,1959,766,1422,1675,8,1959.0,1,365,210,1675
0,1,0,3,1,0,4,3,6,4,3,4,1,0,4,1,0,0,0,0,8,0,0,40.0,3840,8,1978,881,1057,1295,4,1978.0,2,571,1858,1295
0,1,0,1,1,0,3,4,6,4,3,4,1,0,3,1,0,0,0,0,6,0,0,35.0,3907,8,1988,577,1004,1020,4,1988.0,2,509,2228,1020
0,0,1,2,1,0,4,5,1,1,3,4,0,1,4,1,0,0,0,0,8,0,0,79.0,9541,7,2009,0,1502,1502,7,2009.0,2,644,447,1502
0,0,1,2,1,0,4,5,6,1,3,4,0,1,4,1,0,0,0,0,8,0,0,68.0,8814,7,2006,1334,1604,1604,8,2006.0,2,660,827,1604
1,0,0,3,1,0,4,3,5,1,3,4,1,0,3,0,1,0,0,0,8,0,1,61.0,11339,7,1979,758,780,1930,9,1979.0,2,481,1649,1930
0,1,0,1,1,0,3,3,2,1,3,3,1,0,3,0,1,1,0,0,8,0,0,70.0,7560,5,1958,504,1029,1339,6,1958.0,1,294,682,1339
0,1,0,1,0,1,3,3,2,1,3,3,0,0,3,1,0,0,0,0,6,0,0,60.0,7200,6,1930,343,984,984,6,1930.0,1,308,2698,984
0,1,0,3,0,0,3,5,1,1,3,3,0,1,3,1,0,0,0,0,8,0,0,64.0,7848,7,1999,0,384,1430,7,1999.0,2,410,494,1430
0,1,0,2,0,0,3,3,3,1,3,3,1,0,3,0,0,0,0,0,3,0,0,0.0,6449,4,1907,73,707,1884,7,1907.0,0,0,214,1884
0,1,0,2,1,0,4,4,1,1,3,4,0,1,4,1,0,0,0,0,8,0,1,0.0,12104,7,2006,0,1035,2322,8,2006.0,3,617,2441,2322
0,1,0,1,0,1,3,3,3,1,3,3,0,0,3,1,0,0,0,0,6,0,0,51.0,6120,5,1925,489,768,1015,6,1925.0,1,450,2679,1015
0,1,0,1,0,1,3,5,1,1,2,3,0,0,3,1,0,0,0,0,6,0,0,50.0,6000,5,1924,0,949,949,5,1924.0,2,370,1336,949
0,1,0,3,1,0,4,5,1,1,4,4,0,1,4,1,0,0,0,0,8,0,1,63.0,10928,7,2005,0,728,1456,8,2005.0,2,390,465,1456
0,1,0,1,0,1,3,5,4,1,3,3,0,0,3,0,0,0,0,0,8,0,0,66.0,8969,6,1926,379,644,1316,6,2001.0,1,369,1524,1316
0,1,0,1,0,1,3,3,4,1,3,3,1,0,3,1,0,1,0,0,8,0,0,70.0,9100,5,1958,521,864,864,5,1964.0,2,624,2543,864
1,0,0,2,1,0,3,3,5,1,3,3,1,0,4,1,0,1,0,0,8,0,0,73.0,8760,5,1956,856,1169,1144,6,1956.0,1,286,631,1144
1,0,0,3,1,0,4,5,6,4,3,4,0,1,4,1,0,0,1,0,8,0,1,0.0,10236,8,1994,380,1290,2494,9,1994.0,3,803,2452,2494
0,0,0,3,1,0,3,3,3,2,3,3,1,0,3,0,1,0,0,0,8,0,1,0.0,11616,6,1978,438,672,1386,6,1978.0,2,440,228,1386
1,0,0,2,0,0,3,3,4,1,3,3,1,0,3,0,1,1,0,0,8,0,0,98.0,13260,5,1962,1500,1728,1728,10,1962.0,0,0,126,1728
0,0,1,2,1,0,4,5,6,1,3,4,0,1,4,1,0,0,0,0,8,0,0,55.0,7301,7,2007,876,1350,1358,6,2008.0,2,484,1092,1358
0,1,0,3,1,0,4,5,1,1,3,5,0,1,4,1,0,0,0,1,7,0,0,72.0,8640,7,2007,0,1372,1372,6,2008.0,2,529,1122,1372
0,0,1,1,0,0,3,5,2,3,3,3,0,1,3,1,0,0,0,0,8,0,0,100.0,17500,6,1954,784,1310,1906,6,1954.0,2,576,932,1906
0,1,0,1,0,1,3,4,1,1,3,2,0,0,3,0,0,0,0,0,6,0,0,60.0,10800,4,1885,0,641,1047,6,1954.0,1,273,1980,1047
1,0,0,3,1,0,3,3,3,1,3,3,1,0,3,0,1,0,0,0,8,0,0,73.0,10921,4,1965,520,960,960,6,1965.0,1,432,2171,960
1,0,0,2,1,0,3,3,3,1,3,4,1,0,3,1,0,0,0,0,8,0,1,0.0,10274,6,1986,331,676,1400,6,1986.0,2,465,551,1400
0,1,0,2,1,0,3,4,2,1,2,4,1,0,3,1,0,0,0,0,8,0,0,80.0,12000,6,1968,853,1388,1388,6,1968.0,2,522,2768,1388
0,1,0,2,0,1,3,3,3,1,3,3,1,0,3,1,0,0,0,0,8,0,0,99.0,7094,5,1966,180,894,894,5,1966.0,1,384,2056,894
1,0,0,3,1,0,4,5,4,4,3,4,0,1,4,0,1,0,1,0,8,0,1,105.0,11025,9,1993,520,1848,2786,10,1993.0,2,636,1159,2786
0,1,0,1,0,1,2,4,1,1,3,3,0,1,4,1,0,0,0,0,6,0,0,56.0,7745,4,1900,0,938,1951,9,1993.0,2,576,2645,1951
1,0,0,1,0,1,4,5,6,1,3,4,0,1,4,1,0,0,0,1,7,0,0,24.0,2160,7,1999,600,672,1404,5,1999.0,2,462,1174,1404
1,0,0,2,1,0,4,5,2,2,3,4,1,0,4,1,0,0,0,0,8,1,0,44.0,13758,7,1990,902,1156,1717,7,1990.0,2,400,2266,1717
0,1,0,2,1,0,5,5,6,1,3,5,0,1,4,1,0,0,0,1,7,0,1,100.0,13162,9,2006,1836,2036,2640,11,2006.0,3,792,2462,2640
0,1,0,2,1,0,4,5,4,1,3,3,1,0,3,1,0,1,0,0,8,0,0,0.0,11332,5,1960,528,1118,1118,6,1960.0,1,264,1219,1118
0,1,0,1,1,0,3,3,3,4,3,3,1,0,3,1,0,0,0,0,8,0,0,55.0,12640,6,1976,936,1728,1728,8,1976.0,2,574,2922,1728
1,0,0,2,1,0,3,3,3,1,3,3,1,0,3,0,1,1,0,0,8,0,0,80.0,9600,5,1966,698,1232,1232,6,1966.0,2,490,118,1232
1,0,0,3,1,0,4,5,6,1,3,4,0,1,4,1,0,0,0,0,8,0,0,43.0,3182,7,2005,16,1145,1145,5,2005.0,2,397,474,1145
1,0,0,2,1,0,3,3,3,1,3,3,1,0,3,0,1,1,0,0,8,0,0,80.0,11600,6,1960,565,1383,1383,7,1960.0,1,292,2576,1383
1,0,0,3,1,0,4,5,6,4,3,5,0,1,4,0,1,0,0,0,8,0,0,0.0,12782,8,2002,1360,1822,1828,7,2002.0,2,523,872,1828
1,0,0,2,1,0,4,5,6,1,3,4,0,1,4,0,1,0,0,0,8,0,0,48.0,6240,8,2006,24,1342,1342,6,2007.0,2,550,1077,1342
1,0,0,3,1,0,3,2,3,1,3,3,0,1,3,0,1,0,0,0,8,0,0,79.0,7801,6,1951,500,1091,1091,5,1951.0,1,344,1536,1091
0,1,0,2,1,0,3,3,4,1,4,3,0,1,3,0,1,0,0,0,8,0,0,70.0,9100,5,1963,53,984,984,5,1963.0,1,384,1150,984
1,0,0,3,1,0,4,5,6,4,3,4,0,1,4,1,0,0,0,0,8,0,0,69.0,11302,8,2005,1422,1814,1826,7,2005.0,3,758,2341,1826
0,1,0,1,0,1,5,4,4,1,3,3,1,0,3,1,0,1,0,0,8,0,0,60.0,11556,5,1953,408,864,1154,6,1962.0,1,336,1931,1154
0,1,0,1,1,0,3,3,5,4,3,4,1,0,3,1,0,0,0,0,8,0,0,69.0,9920,5,1969,523,971,971,5,1969.0,1,300,2785,971
0,1,0,2,1,0,3,3,4,1,3,3,1,0,3,1,0,1,0,0,8,0,0,0.0,9759,5,1966,799,1051,1051,6,1966.0,1,264,2538,1051
1,0,0,2,1,0,3,4,5,1,3,3,1,0,3,1,0,0,0,0,8,0,1,80.0,9600,7,1974,698,1165,2061,8,1974.0,2,498,597,2061
0,0,1,2,0,0,4,5,6,1,3,4,0,1,4,1,0,0,0,0,8,0,0,36.0,2268,7,2003,567,764,1626,6,2003.0,2,474,464,1626
0,1,0,3,1,0,4,3,6,4,3,4,0,1,4,0,0,0,0,0,8,0,0,0.0,23595,7,1979,1258,1332,1524,4,1979.0,2,586,233,1524
1,0,0,1,1,0,3,4,5,4,3,4,1,0,3,1,0,0,0,0,8,0,0,75.0,9825,5,1967,936,936,936,4,1967.0,1,384,2169,936
0,1,0,2,1,0,4,5,6,1,3,4,0,1,3,1,0,0,0,0,8,0,1,57.0,10021,6,1997,539,635,1308,6,1997.0,2,497,2123,1308
1,0,0,3,1,0,3,2,5,1,3,4,0,1,3,1,0,0,0,0,8,0,0,130.0,11700,6,1968,910,1295,1295,6,1968.0,2,528,1867,1295
1,0,0,2,1,0,3,3,6,4,3,4,1,0,3,1,0,1,0,0,8,0,0,0.0,19900,7,1970,912,1947,2207,7,1970.0,2,576,137,2207
0,1,0,2,1,0,4,5,6,1,3,4,0,1,3,1,0,0,0,1,7,0,1,72.0,8640,7,2009,822,900,1852,7,2009.0,2,644,515,1852
0,1,0,1,0,1,3,3,1,1,3,3,1,0,3,1,0,0,0,0,6,0,0,24.0,1733,6,1980,0,516,1032,5,1980.0,2,452,933,1032
1,0,0,1,0,1,3,3,5,3,4,3,1,0,3,1,0,0,0,0,8,0,0,42.0,10385,6,1978,595,995,1282,6,1989.0,3,672,2784,1282
1,0,0,3,1,0,3,5,6,1,3,5,0,1,3,0,1,0,0,0,6,0,0,32.0,4500,6,1998,866,1204,1204,5,1998.0,2,412,972,1204
0,1,0,1,1,0,3,3,3,1,3,3,1,0,3,1,0,0,0,0,8,0,0,0.0,9790,6,1967,251,1372,1342,7,1967.0,2,457,599,1342
1,0,0,1,1,0,4,5,4,1,3,3,1,0,3,1,0,1,0,0,8,0,0,60.0,7332,6,1959,414,864,864,4,1959.0,1,288,2614,864
0,1,0,1,0,1,3,3,6,4,3,4,1,0,3,1,0,1,0,0,8,0,0,0.0,7032,5,1979,943,943,943,4,1979.0,2,600,2582,943
0,1,0,3,0,1,3,5,1,2,3,4,0,0,3,1,0,0,0,0,8,1,0,66.0,21780,6,1918,0,1163,1674,8,1955.0,2,396,1409,1674
0,1,0,1,0,1,3,4,1,1,3,2,1,0,4,0,0,0,0,0,6,1,0,60.0,5790,3,1915,0,840,1605,8,1915.0,1,379,175,1605
0,1,0,3,1,0,3,5,6,3,3,4,0,1,3,1,0,0,0,0,8,0,0,61.0,7380,8,1998,341,1418,1478,5,1998.0,2,495,352,1478
0,1,0,1,1,0,4,3,6,3,3,4,1,0,3,1,0,0,0,0,6,0,0,21.0,1526,4,1970,515,630,630,3,1970.0,1,286,976,630
1,0,0,2,1,0,4,5,1,1,3,4,0,1,4,1,0,0,0,0,8,0,1,72.0,11317,7,2003,0,840,1668,8,2003.0,2,500,2134,1668
0,1,0,2,0,0,3,5,5,1,3,3,1,0,3,1,0,0,0,0,8,0,0,0.0,8780,5,1985,625,833,833,5,1985.0,0,0,984,833
0,1,0,3,1,0,5,5,6,4,3,5,0,1,4,1,0,0,0,0,8,0,0,90.0,12378,9,2003,1274,1896,1944,8,2003.0,3,708,2396,1944
1,0,0,3,1,0,3,5,6,3,3,4,0,1,3,1,0,1,0,0,5,0,0,34.0,4058,7,1998,584,723,767,4,1998.0,1,367,1673,767
0,1,0,1,1,0,3,3,2,1,3,3,1,0,3,1,0,0,0,0,6,0,0,24.0,2368,5,1970,765,765,1365,7,1970.0,2,440,404,1365
1,0,0,2,1,0,4,3,5,1,3,3,1,0,3,1,0,1,0,0,8,0,0,85.0,9350,5,1961,310,1313,1313,6,1961.0,2,610,607,1313
1,0,0,1,0,1,4,3,6,3,3,4,1,0,3,1,0,0,0,0,8,0,0,64.0,7040,5,1979,1094,1094,1229,6,1979.0,2,672,814,1229
0,0,0,2,1,0,4,5,1,1,3,4,0,1,4,1,0,0,0,0,8,0,1,70.0,8749,7,2002,0,840,1725,6,2002.0,2,550,868,1725
1,0,0,3,1,0,3,5,1,1,3,5,0,1,4,1,0,0,0,0,8,0,0,0.0,7777,6,1996,0,1491,1491,7,1996.0,2,571,2271,1491
0,1,0,3,1,0,4,4,6,2,3,4,1,0,4,1,0,0,0,0,8,0,0,0.0,5062,7,1984,828,1190,2090,6,1984.0,2,577,1633,2090
0,1,0,1,1,0,3,4,1,1,3,3,0,1,3,1,0,0,0,0,8,0,0,70.0,7700,5,1985,0,1216,2432,10,1985.0,2,616,337,2432
0,0,0,1,1,0,3,2,3,3,3,3,1,0,3,1,0,0,0,0,8,0,0,0.0,36500,5,1964,812,1624,1582,7,1964.0,2,390,2765,1582
0,1,0,3,1,0,4,5,6,3,3,4,0,1,4,0,1,0,0,0,8,0,0,182.0,14572,7,2004,1300,1530,1530,7,2004.0,3,630,1746,1530
0,0,1,3,1,0,4,5,1,2,3,5,0,1,4,0,1,0,0,0,8,0,0,80.0,11844,8,2008,0,2046,2046,7,2008.0,3,834,368,2046
0,1,0,2,1,0,4,5,6,1,3,4,0,1,4,1,0,0,0,0,8,0,0,70.0,8810,7,2003,1000,1390,1390,7,2003.0,2,545,2806,1390
0,1,0,1,1,0,3,3,5,1,3,3,1,0,3,1,0,0,0,0,8,0,1,80.0,8000,6,1974,931,1084,1877,8,1974.0,2,488,1662,1877
1,0,0,2,1,0,4,5,4,1,3,3,1,0,4,1,0,1,0,0,8,0,1,90.0,14670,6,1966,575,1104,1988,9,1966.0,2,480,1234,1988
0,1,0,1,1,0,3,5,4,1,3,3,1,0,3,0,1,0,0,0,8,0,0,55.0,8250,5,1968,250,952,1211,5,1968.0,1,322,1373,1211
0,1,0,1,0,1,3,3,5,1,3,3,0,1,3,1,0,1,0,0,8,0,0,60.0,9000,4,1971,616,864,864,5,1974.0,2,528,1672,864
0,1,0,1,1,0,3,3,4,1,3,3,1,0,3,1,0,1,0,0,8,0,0,70.0,8400,5,1955,793,923,925,5,1955.0,1,390,1939,925
